Time [s], Analyzer Name, Decoded Protocol Result
1.844939402000000,USB LS and FS,Byte 0x3E
1.844940068000000,USB LS and FS,Byte 0x55
1.844940734000000,USB LS and FS,Byte 0xAA
1.844941394000000,USB LS and FS,Byte 0x53
1.844942058000000,USB LS and FS,Byte 0x19
1.844942726000000,USB LS and FS,Byte 0x35
1.844943386000000,USB LS and FS,Byte 0x00
1.844944050000000,USB LS and FS,Byte 0x00
1.844944716000000,USB LS and FS,Byte 0x01
1.844945378000000,USB LS and FS,Byte 0x6A
1.844946042000000,USB LS and FS,Byte 0xDD
1.844946706000000,USB LS and FS,Byte 0x46
1.844947370000000,USB LS and FS,Byte 0x58
1.844948034000000,USB LS and FS,Byte 0xDC
1.844948696000000,USB LS and FS,Byte 0x0E
1.844949362000000,USB LS and FS,Byte 0xA2
1.844950024000000,USB LS and FS,Byte 0x37
1.844950688000000,USB LS and FS,Byte 0x37
1.844951354000000,USB LS and FS,Byte 0x37
1.844952016000000,USB LS and FS,Byte 0x42
1.844952680000000,USB LS and FS,Byte 0x31
1.844953344000000,USB LS and FS,Byte 0x39
1.844954006000000,USB LS and FS,Byte 0x36
1.844954670000000,USB LS and FS,Byte 0x32
1.844955336000000,USB LS and FS,Byte 0x01
1.844956000000000,USB LS and FS,Byte 0x00
1.844956662000000,USB LS and FS,Byte 0x00
1.844957328000000,USB LS and FS,Byte 0x04
1.844957992000000,USB LS and FS,Byte 0x06
1.844958654000000,USB LS and FS,Byte 0xD0
1.844959320000000,USB LS and FS,Byte 0x55
1.844959982000000,USB LS and FS,Byte 0xAA
1.844960648000000,USB LS and FS,Byte 0x53
1.844961312000000,USB LS and FS,Byte 0x1D
1.844961976000000,USB LS and FS,Byte 0x19
1.844962640000000,USB LS and FS,Byte 0x00
1.844963302000000,USB LS and FS,Byte 0x00
1.844963966000000,USB LS and FS,Byte 0x01
1.844964630000000,USB LS and FS,Byte 0x6A
1.844965296000000,USB LS and FS,Byte 0xDD
1.844965956000000,USB LS and FS,Byte 0x46
1.844966622000000,USB LS and FS,Byte 0x58
1.844967286000000,USB LS and FS,Byte 0xDF
1.844967948000000,USB LS and FS,Byte 0xA2
1.844968612000000,USB LS and FS,Byte 0x37
1.844969276000000,USB LS and FS,Byte 0x37
1.844969940000000,USB LS and FS,Byte 0x37
1.844970602000000,USB LS and FS,Byte 0x42
1.844971266000000,USB LS and FS,Byte 0x31
1.844971928000000,USB LS and FS,Byte 0x39
1.844972592000000,USB LS and FS,Byte 0x36
1.844973256000000,USB LS and FS,Byte 0x32
1.844973920000000,USB LS and FS,Byte 0x01
1.844974586000000,USB LS and FS,Byte 0x13
1.844975248000000,USB LS and FS,Byte 0x63
1.844975912000000,USB LS and FS,Byte 0x00
1.844976578000000,USB LS and FS,Byte 0x01
1.844977240000000,USB LS and FS,Byte 0x00
1.844977904000000,USB LS and FS,Byte 0x00
1.844978568000000,USB LS and FS,Byte 0x04
1.844979232000000,USB LS and FS,Byte 0x3B
1.844979898000000,USB LS and FS,Byte 0x07
1.844980562000000,USB LS and FS,Byte 0x5F
1.845770330000000,USB LS and FS,byte=0xAA
1.845770998000000,USB LS and FS,byte=0x55
1.845771666000000,USB LS and FS,byte=0x53
1.845772332000000,USB LS and FS,byte=0x35
1.845772998000000,USB LS and FS,byte=0xFF
1.845773748000000,USB LS and FS,byte=0x02
1.845774414000000,USB LS and FS,byte=0x86
1.846767426000000,USB LS and FS,byte=0xAA
1.846768094000000,USB LS and FS,byte=0x55
1.846768762000000,USB LS and FS,byte=0x53
1.846769428000000,USB LS and FS,byte=0x19
1.846770094000000,USB LS and FS,byte=0xFF
1.846770844000000,USB LS and FS,byte=0x02
1.846771512000000,USB LS and FS,byte=0x6A
4.118854848000000,USB LS and FS,Byte 0x3E
4.118855512000000,USB LS and FS,Byte 0x55
4.118856176000000,USB LS and FS,Byte 0xAA
4.118856838000000,USB LS and FS,Byte 0x53
4.118857502000000,USB LS and FS,Byte 0x19
4.118858166000000,USB LS and FS,Byte 0x35
4.118858826000000,USB LS and FS,Byte 0x00
4.118859490000000,USB LS and FS,Byte 0x00
4.118860154000000,USB LS and FS,Byte 0x01
4.118860818000000,USB LS and FS,Byte 0x6A
4.118861480000000,USB LS and FS,Byte 0xDD
4.118862142000000,USB LS and FS,Byte 0x46
4.118862808000000,USB LS and FS,Byte 0x61
4.118863468000000,USB LS and FS,Byte 0x54
4.118864130000000,USB LS and FS,Byte 0x0E
4.118864796000000,USB LS and FS,Byte 0xA2
4.118865458000000,USB LS and FS,Byte 0x37
4.118866120000000,USB LS and FS,Byte 0x37
4.118866786000000,USB LS and FS,Byte 0x37
4.118867448000000,USB LS and FS,Byte 0x42
4.118868110000000,USB LS and FS,Byte 0x31
4.118868774000000,USB LS and FS,Byte 0x39
4.118869436000000,USB LS and FS,Byte 0x36
4.118870098000000,USB LS and FS,Byte 0x32
4.118870764000000,USB LS and FS,Byte 0x01
4.118871428000000,USB LS and FS,Byte 0x01
4.118872090000000,USB LS and FS,Byte 0x00
4.118872752000000,USB LS and FS,Byte 0x05
4.118873416000000,USB LS and FS,Byte 0x06
4.118874078000000,USB LS and FS,Byte 0x53
4.118874742000000,USB LS and FS,Byte 0x55
4.118875404000000,USB LS and FS,Byte 0xAA
4.118876066000000,USB LS and FS,Byte 0x53
4.118876730000000,USB LS and FS,Byte 0x1D
4.118877392000000,USB LS and FS,Byte 0x19
4.118878054000000,USB LS and FS,Byte 0x00
4.118878718000000,USB LS and FS,Byte 0x00
4.118879382000000,USB LS and FS,Byte 0x01
4.118880044000000,USB LS and FS,Byte 0x6A
4.118880708000000,USB LS and FS,Byte 0xDD
4.118881370000000,USB LS and FS,Byte 0x46
4.118882036000000,USB LS and FS,Byte 0x61
4.118882698000000,USB LS and FS,Byte 0x57
4.118883358000000,USB LS and FS,Byte 0xA2
4.118884022000000,USB LS and FS,Byte 0x37
4.118884686000000,USB LS and FS,Byte 0x37
4.118885348000000,USB LS and FS,Byte 0x37
4.118886010000000,USB LS and FS,Byte 0x42
4.118886674000000,USB LS and FS,Byte 0x31
4.118887336000000,USB LS and FS,Byte 0x39
4.118888000000000,USB LS and FS,Byte 0x36
4.118888662000000,USB LS and FS,Byte 0x32
4.118889326000000,USB LS and FS,Byte 0x01
4.118889988000000,USB LS and FS,Byte 0x17
4.118890652000000,USB LS and FS,Byte 0x63
4.118891314000000,USB LS and FS,Byte 0x00
4.118891978000000,USB LS and FS,Byte 0x01
4.118892642000000,USB LS and FS,Byte 0x01
4.118893304000000,USB LS and FS,Byte 0x00
4.118893968000000,USB LS and FS,Byte 0x05
4.118894630000000,USB LS and FS,Byte 0x37
4.118895294000000,USB LS and FS,Byte 0x06
4.118895956000000,USB LS and FS,Byte 0xE2
4.119583542000000,USB LS and FS,byte=0xAA
4.119584210000000,USB LS and FS,byte=0x55
4.119584878000000,USB LS and FS,byte=0x53
4.119585544000000,USB LS and FS,byte=0x35
4.119586210000000,USB LS and FS,byte=0xFF
4.119586960000000,USB LS and FS,byte=0x02
4.119587626000000,USB LS and FS,byte=0x86
4.130675676000000,USB LS and FS,byte=0xAA
4.130676344000000,USB LS and FS,byte=0x55
4.130677012000000,USB LS and FS,byte=0x53
4.130677678000000,USB LS and FS,byte=0x19
4.130678344000000,USB LS and FS,byte=0xFF
4.130679094000000,USB LS and FS,byte=0x02
4.130679760000000,USB LS and FS,byte=0x6A
5.708795776000000,USB LS and FS,Byte 0x3E
5.708796440000000,USB LS and FS,Byte 0x55
5.708797106000000,USB LS and FS,Byte 0xAA
5.708797766000000,USB LS and FS,Byte 0x53
5.708798430000000,USB LS and FS,Byte 0x19
5.708799096000000,USB LS and FS,Byte 0x35
5.708799756000000,USB LS and FS,Byte 0x00
5.708800418000000,USB LS and FS,Byte 0x00
5.708801084000000,USB LS and FS,Byte 0x01
5.708801746000000,USB LS and FS,Byte 0x6A
5.708802410000000,USB LS and FS,Byte 0xDD
5.708803074000000,USB LS and FS,Byte 0x46
5.708803738000000,USB LS and FS,Byte 0x67
5.708804398000000,USB LS and FS,Byte 0x40
5.708805062000000,USB LS and FS,Byte 0x0E
5.708805726000000,USB LS and FS,Byte 0xA2
5.708806390000000,USB LS and FS,Byte 0x37
5.708807052000000,USB LS and FS,Byte 0x37
5.708807716000000,USB LS and FS,Byte 0x37
5.708808378000000,USB LS and FS,Byte 0x42
5.708809042000000,USB LS and FS,Byte 0x31
5.708809706000000,USB LS and FS,Byte 0x39
5.708810366000000,USB LS and FS,Byte 0x36
5.708811030000000,USB LS and FS,Byte 0x32
5.708811694000000,USB LS and FS,Byte 0x01
5.708812356000000,USB LS and FS,Byte 0x00
5.708813020000000,USB LS and FS,Byte 0x00
5.708813682000000,USB LS and FS,Byte 0x06
5.708814346000000,USB LS and FS,Byte 0x06
5.708815012000000,USB LS and FS,Byte 0x45
5.708815674000000,USB LS and FS,Byte 0x55
5.708816336000000,USB LS and FS,Byte 0xAA
5.708816998000000,USB LS and FS,Byte 0x53
5.708817662000000,USB LS and FS,Byte 0x1D
5.708818326000000,USB LS and FS,Byte 0x19
5.708818988000000,USB LS and FS,Byte 0x00
5.708819652000000,USB LS and FS,Byte 0x00
5.708820316000000,USB LS and FS,Byte 0x01
5.708820980000000,USB LS and FS,Byte 0x6A
5.708821644000000,USB LS and FS,Byte 0xDD
5.708822306000000,USB LS and FS,Byte 0x46
5.708822972000000,USB LS and FS,Byte 0x67
5.708823634000000,USB LS and FS,Byte 0x43
5.708824296000000,USB LS and FS,Byte 0xA2
5.708824960000000,USB LS and FS,Byte 0x37
5.708825624000000,USB LS and FS,Byte 0x37
5.708826286000000,USB LS and FS,Byte 0x37
5.708826948000000,USB LS and FS,Byte 0x42
5.708827614000000,USB LS and FS,Byte 0x31
5.708828276000000,USB LS and FS,Byte 0x39
5.708828938000000,USB LS and FS,Byte 0x36
5.708829602000000,USB LS and FS,Byte 0x32
5.708830266000000,USB LS and FS,Byte 0x01
5.708830928000000,USB LS and FS,Byte 0x17
5.708831592000000,USB LS and FS,Byte 0x63
5.708832256000000,USB LS and FS,Byte 0x00
5.708832920000000,USB LS and FS,Byte 0x01
5.708833580000000,USB LS and FS,Byte 0x00
5.708834244000000,USB LS and FS,Byte 0x00
5.708834908000000,USB LS and FS,Byte 0x06
5.708835570000000,USB LS and FS,Byte 0x40
5.708836236000000,USB LS and FS,Byte 0x06
5.708836898000000,USB LS and FS,Byte 0xDD
5.709489464000000,USB LS and FS,byte=0xAA
5.709490132000000,USB LS and FS,byte=0x55
5.709490800000000,USB LS and FS,byte=0x53
5.709491466000000,USB LS and FS,byte=0x35
5.709492134000000,USB LS and FS,byte=0xFF
5.709492882000000,USB LS and FS,byte=0x02
5.709493548000000,USB LS and FS,byte=0x86
5.710246162000000,USB LS and FS,byte=0xAA
5.710246830000000,USB LS and FS,byte=0x55
5.710247498000000,USB LS and FS,byte=0x53
5.710248164000000,USB LS and FS,byte=0x19
5.710248830000000,USB LS and FS,byte=0xFF
5.710249578000000,USB LS and FS,byte=0x02
5.710250246000000,USB LS and FS,byte=0x6A
5.990785212000000,USB LS and FS,Byte 0x3E
5.990785878000000,USB LS and FS,Byte 0x55
5.990786542000000,USB LS and FS,Byte 0xAA
5.990787202000000,USB LS and FS,Byte 0x53
5.990787866000000,USB LS and FS,Byte 0x19
5.990788532000000,USB LS and FS,Byte 0x35
5.990789192000000,USB LS and FS,Byte 0x00
5.990789856000000,USB LS and FS,Byte 0x00
5.990790522000000,USB LS and FS,Byte 0x01
5.990791184000000,USB LS and FS,Byte 0x6A
5.990791848000000,USB LS and FS,Byte 0xDD
5.990792512000000,USB LS and FS,Byte 0x46
5.990793174000000,USB LS and FS,Byte 0x68
5.990793838000000,USB LS and FS,Byte 0x4D
5.990794500000000,USB LS and FS,Byte 0x0E
5.990795164000000,USB LS and FS,Byte 0xA2
5.990795828000000,USB LS and FS,Byte 0x37
5.990796492000000,USB LS and FS,Byte 0x37
5.990797156000000,USB LS and FS,Byte 0x37
5.990797818000000,USB LS and FS,Byte 0x42
5.990798484000000,USB LS and FS,Byte 0x31
5.990799146000000,USB LS and FS,Byte 0x39
5.990799810000000,USB LS and FS,Byte 0x36
5.990800474000000,USB LS and FS,Byte 0x32
5.990801138000000,USB LS and FS,Byte 0x01
5.990801800000000,USB LS and FS,Byte 0x01
5.990802464000000,USB LS and FS,Byte 0x00
5.990803130000000,USB LS and FS,Byte 0x07
5.990803790000000,USB LS and FS,Byte 0x06
5.990804456000000,USB LS and FS,Byte 0x55
5.990805120000000,USB LS and FS,Byte 0x55
5.990805782000000,USB LS and FS,Byte 0xAA
5.990806446000000,USB LS and FS,Byte 0x53
5.990807110000000,USB LS and FS,Byte 0x1D
5.990807774000000,USB LS and FS,Byte 0x19
5.990808436000000,USB LS and FS,Byte 0x00
5.990809100000000,USB LS and FS,Byte 0x00
5.990809764000000,USB LS and FS,Byte 0x01
5.990810428000000,USB LS and FS,Byte 0x6A
5.990811090000000,USB LS and FS,Byte 0xDD
5.990811754000000,USB LS and FS,Byte 0x46
5.990812418000000,USB LS and FS,Byte 0x68
5.990813082000000,USB LS and FS,Byte 0x4F
5.990813744000000,USB LS and FS,Byte 0xA2
5.990814408000000,USB LS and FS,Byte 0x37
5.990815072000000,USB LS and FS,Byte 0x37
5.990815734000000,USB LS and FS,Byte 0x37
5.990816398000000,USB LS and FS,Byte 0x42
5.990817064000000,USB LS and FS,Byte 0x31
5.990817726000000,USB LS and FS,Byte 0x39
5.990818390000000,USB LS and FS,Byte 0x36
5.990819054000000,USB LS and FS,Byte 0x32
5.990819718000000,USB LS and FS,Byte 0x01
5.990820382000000,USB LS and FS,Byte 0x13
5.990821046000000,USB LS and FS,Byte 0x63
5.990821708000000,USB LS and FS,Byte 0x00
5.990822372000000,USB LS and FS,Byte 0x01
5.990823034000000,USB LS and FS,Byte 0x01
5.990823698000000,USB LS and FS,Byte 0x00
5.990824362000000,USB LS and FS,Byte 0x07
5.990825026000000,USB LS and FS,Byte 0x40
5.990825690000000,USB LS and FS,Byte 0x06
5.990826352000000,USB LS and FS,Byte 0xE8
5.991814126000000,USB LS and FS,byte=0xAA
5.991814792000000,USB LS and FS,byte=0x55
5.991815460000000,USB LS and FS,byte=0x53
5.991816128000000,USB LS and FS,byte=0x35
5.991816794000000,USB LS and FS,byte=0xFF
5.991817544000000,USB LS and FS,byte=0x02
5.991818208000000,USB LS and FS,byte=0x86
5.992521408000000,USB LS and FS,byte=0xAA
5.992522076000000,USB LS and FS,byte=0x55
5.992522744000000,USB LS and FS,byte=0x53
5.992523410000000,USB LS and FS,byte=0x19
5.992524076000000,USB LS and FS,byte=0xFF
5.992524826000000,USB LS and FS,byte=0x02
5.992525494000000,USB LS and FS,byte=0x6A
6.117780488000000,USB LS and FS,Byte 0x3E
6.117781152000000,USB LS and FS,Byte 0x55
6.117781818000000,USB LS and FS,Byte 0xAA
6.117782478000000,USB LS and FS,Byte 0x53
6.117783142000000,USB LS and FS,Byte 0x19
6.117783808000000,USB LS and FS,Byte 0x35
6.117784468000000,USB LS and FS,Byte 0x00
6.117785132000000,USB LS and FS,Byte 0x00
6.117785798000000,USB LS and FS,Byte 0x01
6.117786460000000,USB LS and FS,Byte 0x6A
6.117787124000000,USB LS and FS,Byte 0xDD
6.117787788000000,USB LS and FS,Byte 0x46
6.117788450000000,USB LS and FS,Byte 0x68
6.117789114000000,USB LS and FS,Byte 0xC6
6.117789776000000,USB LS and FS,Byte 0x0E
6.117790440000000,USB LS and FS,Byte 0xA2
6.117791102000000,USB LS and FS,Byte 0x37
6.117791766000000,USB LS and FS,Byte 0x37
6.117792430000000,USB LS and FS,Byte 0x37
6.117793092000000,USB LS and FS,Byte 0x42
6.117793756000000,USB LS and FS,Byte 0x31
6.117794420000000,USB LS and FS,Byte 0x39
6.117795082000000,USB LS and FS,Byte 0x36
6.117795746000000,USB LS and FS,Byte 0x32
6.117796410000000,USB LS and FS,Byte 0x01
6.117797074000000,USB LS and FS,Byte 0x00
6.117797738000000,USB LS and FS,Byte 0x00
6.117798402000000,USB LS and FS,Byte 0x08
6.117799064000000,USB LS and FS,Byte 0x06
6.117799728000000,USB LS and FS,Byte 0xCE
6.117800392000000,USB LS and FS,Byte 0x55
6.117801056000000,USB LS and FS,Byte 0xAA
6.117801718000000,USB LS and FS,Byte 0x53
6.117802382000000,USB LS and FS,Byte 0x1D
6.117803046000000,USB LS and FS,Byte 0x19
6.117803708000000,USB LS and FS,Byte 0x00
6.117804370000000,USB LS and FS,Byte 0x00
6.117805034000000,USB LS and FS,Byte 0x01
6.117805698000000,USB LS and FS,Byte 0x6A
6.117806360000000,USB LS and FS,Byte 0xDD
6.117807024000000,USB LS and FS,Byte 0x46
6.117807688000000,USB LS and FS,Byte 0x68
6.117808352000000,USB LS and FS,Byte 0xC9
6.117809016000000,USB LS and FS,Byte 0xA2
6.117809680000000,USB LS and FS,Byte 0x37
6.117810342000000,USB LS and FS,Byte 0x37
6.117811006000000,USB LS and FS,Byte 0x37
6.117811670000000,USB LS and FS,Byte 0x42
6.117812332000000,USB LS and FS,Byte 0x31
6.117812996000000,USB LS and FS,Byte 0x39
6.117813658000000,USB LS and FS,Byte 0x36
6.117814322000000,USB LS and FS,Byte 0x32
6.117814986000000,USB LS and FS,Byte 0x01
6.117815648000000,USB LS and FS,Byte 0x14
6.117816312000000,USB LS and FS,Byte 0x63
6.117816974000000,USB LS and FS,Byte 0x00
6.117817640000000,USB LS and FS,Byte 0x01
6.117818302000000,USB LS and FS,Byte 0x00
6.117818966000000,USB LS and FS,Byte 0x00
6.117819628000000,USB LS and FS,Byte 0x08
6.117820292000000,USB LS and FS,Byte 0x3E
6.117820954000000,USB LS and FS,Byte 0x07
6.117821620000000,USB LS and FS,Byte 0x61
6.118480020000000,USB LS and FS,byte=0xAA
6.118480686000000,USB LS and FS,byte=0x55
6.118481354000000,USB LS and FS,byte=0x53
6.118482022000000,USB LS and FS,byte=0x35
6.118482688000000,USB LS and FS,byte=0xFF
6.118483436000000,USB LS and FS,byte=0x02
6.118484102000000,USB LS and FS,byte=0x86
6.120126736000000,USB LS and FS,byte=0xAA
6.120127404000000,USB LS and FS,byte=0x55
6.120128072000000,USB LS and FS,byte=0x53
6.120128738000000,USB LS and FS,byte=0x19
6.120129404000000,USB LS and FS,byte=0xFF
6.120130154000000,USB LS and FS,byte=0x02
6.120130820000000,USB LS and FS,byte=0x6A
6.313773170000000,USB LS and FS,Byte 0x3E
6.313773834000000,USB LS and FS,Byte 0x55
6.313774500000000,USB LS and FS,Byte 0xAA
6.313775162000000,USB LS and FS,Byte 0x53
6.313775824000000,USB LS and FS,Byte 0x19
6.313776490000000,USB LS and FS,Byte 0x35
6.313777150000000,USB LS and FS,Byte 0x00
6.313777814000000,USB LS and FS,Byte 0x00
6.313778478000000,USB LS and FS,Byte 0x01
6.313779140000000,USB LS and FS,Byte 0x6A
6.313779804000000,USB LS and FS,Byte 0xDD
6.313780466000000,USB LS and FS,Byte 0x46
6.313781132000000,USB LS and FS,Byte 0x69
6.313781794000000,USB LS and FS,Byte 0x81
6.313782456000000,USB LS and FS,Byte 0x0E
6.313783120000000,USB LS and FS,Byte 0xA2
6.313783782000000,USB LS and FS,Byte 0x37
6.313784446000000,USB LS and FS,Byte 0x37
6.313785110000000,USB LS and FS,Byte 0x37
6.313785772000000,USB LS and FS,Byte 0x42
6.313786434000000,USB LS and FS,Byte 0x31
6.313787098000000,USB LS and FS,Byte 0x39
6.313787760000000,USB LS and FS,Byte 0x36
6.313788424000000,USB LS and FS,Byte 0x32
6.313789088000000,USB LS and FS,Byte 0x01
6.313789752000000,USB LS and FS,Byte 0x01
6.313790414000000,USB LS and FS,Byte 0x00
6.313791076000000,USB LS and FS,Byte 0x09
6.313791738000000,USB LS and FS,Byte 0x06
6.313792402000000,USB LS and FS,Byte 0x8C
6.313793066000000,USB LS and FS,Byte 0x55
6.313793728000000,USB LS and FS,Byte 0xAA
6.313794392000000,USB LS and FS,Byte 0x53
6.313795054000000,USB LS and FS,Byte 0x1D
6.313795718000000,USB LS and FS,Byte 0x19
6.313796380000000,USB LS and FS,Byte 0x00
6.313797042000000,USB LS and FS,Byte 0x00
6.313797706000000,USB LS and FS,Byte 0x01
6.313798368000000,USB LS and FS,Byte 0x6A
6.313799034000000,USB LS and FS,Byte 0xDD
6.313799696000000,USB LS and FS,Byte 0x46
6.313800360000000,USB LS and FS,Byte 0x69
6.313801022000000,USB LS and FS,Byte 0x84
6.313801686000000,USB LS and FS,Byte 0xA2
6.313802350000000,USB LS and FS,Byte 0x37
6.313803014000000,USB LS and FS,Byte 0x37
6.313803676000000,USB LS and FS,Byte 0x37
6.313804340000000,USB LS and FS,Byte 0x42
6.313805002000000,USB LS and FS,Byte 0x31
6.313805666000000,USB LS and FS,Byte 0x39
6.313806328000000,USB LS and FS,Byte 0x36
6.313806992000000,USB LS and FS,Byte 0x32
6.313807656000000,USB LS and FS,Byte 0x01
6.313808318000000,USB LS and FS,Byte 0x13
6.313808982000000,USB LS and FS,Byte 0x59
6.313809644000000,USB LS and FS,Byte 0x00
6.313810308000000,USB LS and FS,Byte 0x01
6.313810970000000,USB LS and FS,Byte 0x01
6.313811632000000,USB LS and FS,Byte 0x00
6.313812296000000,USB LS and FS,Byte 0x09
6.313812958000000,USB LS and FS,Byte 0x3C
6.313813622000000,USB LS and FS,Byte 0x07
6.313814286000000,USB LS and FS,Byte 0x12
6.314457522000000,USB LS and FS,byte=0xAA
6.314458188000000,USB LS and FS,byte=0x55
6.314458856000000,USB LS and FS,byte=0x53
6.314459524000000,USB LS and FS,byte=0x35
6.314460190000000,USB LS and FS,byte=0xFF
6.314460940000000,USB LS and FS,byte=0x02
6.314461604000000,USB LS and FS,byte=0x86
6.315202718000000,USB LS and FS,byte=0xAA
6.315203386000000,USB LS and FS,byte=0x55
6.315204054000000,USB LS and FS,byte=0x53
6.315204722000000,USB LS and FS,byte=0x19
6.315205386000000,USB LS and FS,byte=0xFF
6.315206136000000,USB LS and FS,byte=0x02
6.315206804000000,USB LS and FS,byte=0x6A
6.441768378000000,USB LS and FS,Byte 0x3E
6.441769042000000,USB LS and FS,Byte 0x55
6.441769708000000,USB LS and FS,Byte 0xAA
6.441770370000000,USB LS and FS,Byte 0x53
6.441771034000000,USB LS and FS,Byte 0x19
6.441771702000000,USB LS and FS,Byte 0x35
6.441772362000000,USB LS and FS,Byte 0x00
6.441773026000000,USB LS and FS,Byte 0x00
6.441773690000000,USB LS and FS,Byte 0x01
6.441774354000000,USB LS and FS,Byte 0x6A
6.441775016000000,USB LS and FS,Byte 0xDD
6.441775680000000,USB LS and FS,Byte 0x46
6.441776346000000,USB LS and FS,Byte 0x69
6.441777008000000,USB LS and FS,Byte 0xFB
6.441777670000000,USB LS and FS,Byte 0x0E
6.441778334000000,USB LS and FS,Byte 0xA2
6.441778998000000,USB LS and FS,Byte 0x37
6.441779662000000,USB LS and FS,Byte 0x37
6.441780328000000,USB LS and FS,Byte 0x37
6.441780988000000,USB LS and FS,Byte 0x42
6.441781654000000,USB LS and FS,Byte 0x31
6.441782316000000,USB LS and FS,Byte 0x39
6.441782978000000,USB LS and FS,Byte 0x36
6.441783642000000,USB LS and FS,Byte 0x32
6.441784308000000,USB LS and FS,Byte 0x01
6.441784970000000,USB LS and FS,Byte 0x00
6.441785634000000,USB LS and FS,Byte 0x00
6.441786296000000,USB LS and FS,Byte 0x0A
6.441786960000000,USB LS and FS,Byte 0x07
6.441787624000000,USB LS and FS,Byte 0x06
6.441788288000000,USB LS and FS,Byte 0x55
6.441788950000000,USB LS and FS,Byte 0xAA
6.441789614000000,USB LS and FS,Byte 0x53
6.441790280000000,USB LS and FS,Byte 0x1D
6.441790942000000,USB LS and FS,Byte 0x19
6.441791606000000,USB LS and FS,Byte 0x00
6.441792268000000,USB LS and FS,Byte 0x00
6.441792932000000,USB LS and FS,Byte 0x01
6.441793596000000,USB LS and FS,Byte 0x6A
6.441794260000000,USB LS and FS,Byte 0xDD
6.441794922000000,USB LS and FS,Byte 0x46
6.441795588000000,USB LS and FS,Byte 0x69
6.441796250000000,USB LS and FS,Byte 0xFE
6.441796998000000,USB LS and FS,Byte 0xA2
6.441797662000000,USB LS and FS,Byte 0x37
6.441798324000000,USB LS and FS,Byte 0x37
6.441798990000000,USB LS and FS,Byte 0x37
6.441799652000000,USB LS and FS,Byte 0x42
6.441800316000000,USB LS and FS,Byte 0x31
6.441800980000000,USB LS and FS,Byte 0x39
6.441801642000000,USB LS and FS,Byte 0x36
6.441802306000000,USB LS and FS,Byte 0x32
6.441802970000000,USB LS and FS,Byte 0x01
6.441803634000000,USB LS and FS,Byte 0x17
6.441804296000000,USB LS and FS,Byte 0x62
6.441804960000000,USB LS and FS,Byte 0x00
6.441805624000000,USB LS and FS,Byte 0x01
6.441806288000000,USB LS and FS,Byte 0x00
6.441806950000000,USB LS and FS,Byte 0x00
6.441807614000000,USB LS and FS,Byte 0x0A
6.441808278000000,USB LS and FS,Byte 0x3C
6.441808942000000,USB LS and FS,Byte 0x07
6.441809606000000,USB LS and FS,Byte 0x99
6.442471486000000,USB LS and FS,byte=0xAA
6.442472154000000,USB LS and FS,byte=0x55
6.442472822000000,USB LS and FS,byte=0x53
6.442473488000000,USB LS and FS,byte=0x35
6.442474154000000,USB LS and FS,byte=0xFF
6.442474904000000,USB LS and FS,byte=0x02
6.442475570000000,USB LS and FS,byte=0x86
6.443278096000000,USB LS and FS,byte=0xAA
6.443278764000000,USB LS and FS,byte=0x55
6.443279432000000,USB LS and FS,byte=0x53
6.443280098000000,USB LS and FS,byte=0x19
6.443280762000000,USB LS and FS,byte=0xFF
6.443281512000000,USB LS and FS,byte=0x02
6.443282180000000,USB LS and FS,byte=0x6A
6.655760434000000,USB LS and FS,Byte 0x3E
6.655761098000000,USB LS and FS,Byte 0x55
6.655761764000000,USB LS and FS,Byte 0xAA
6.655762424000000,USB LS and FS,Byte 0x53
6.655763088000000,USB LS and FS,Byte 0x19
6.655763754000000,USB LS and FS,Byte 0x35
6.655764414000000,USB LS and FS,Byte 0x00
6.655765078000000,USB LS and FS,Byte 0x00
6.655765744000000,USB LS and FS,Byte 0x01
6.655766406000000,USB LS and FS,Byte 0x6A
6.655767068000000,USB LS and FS,Byte 0xDD
6.655767732000000,USB LS and FS,Byte 0x46
6.655768394000000,USB LS and FS,Byte 0x6A
6.655769060000000,USB LS and FS,Byte 0xC7
6.655769722000000,USB LS and FS,Byte 0x0E
6.655770384000000,USB LS and FS,Byte 0xA2
6.655771048000000,USB LS and FS,Byte 0x37
6.655771712000000,USB LS and FS,Byte 0x37
6.655772374000000,USB LS and FS,Byte 0x37
6.655773036000000,USB LS and FS,Byte 0x42
6.655773700000000,USB LS and FS,Byte 0x31
6.655774362000000,USB LS and FS,Byte 0x39
6.655775026000000,USB LS and FS,Byte 0x36
6.655775690000000,USB LS and FS,Byte 0x32
6.655776354000000,USB LS and FS,Byte 0x01
6.655777016000000,USB LS and FS,Byte 0x01
6.655777678000000,USB LS and FS,Byte 0x00
6.655778344000000,USB LS and FS,Byte 0x0B
6.655779008000000,USB LS and FS,Byte 0x06
6.655779672000000,USB LS and FS,Byte 0xD5
6.655780336000000,USB LS and FS,Byte 0x55
6.655780996000000,USB LS and FS,Byte 0xAA
6.655781662000000,USB LS and FS,Byte 0x53
6.655782326000000,USB LS and FS,Byte 0x1D
6.655782988000000,USB LS and FS,Byte 0x19
6.655783652000000,USB LS and FS,Byte 0x00
6.655784314000000,USB LS and FS,Byte 0x00
6.655784978000000,USB LS and FS,Byte 0x01
6.655785642000000,USB LS and FS,Byte 0x6A
6.655786306000000,USB LS and FS,Byte 0xDD
6.655786968000000,USB LS and FS,Byte 0x46
6.655787632000000,USB LS and FS,Byte 0x6A
6.655788294000000,USB LS and FS,Byte 0xCA
6.655788958000000,USB LS and FS,Byte 0xA2
6.655789622000000,USB LS and FS,Byte 0x37
6.655790284000000,USB LS and FS,Byte 0x37
6.655790948000000,USB LS and FS,Byte 0x37
6.655791612000000,USB LS and FS,Byte 0x42
6.655792276000000,USB LS and FS,Byte 0x31
6.655792938000000,USB LS and FS,Byte 0x39
6.655793600000000,USB LS and FS,Byte 0x36
6.655794264000000,USB LS and FS,Byte 0x32
6.655794928000000,USB LS and FS,Byte 0x01
6.655795592000000,USB LS and FS,Byte 0x14
6.655796254000000,USB LS and FS,Byte 0x60
6.655796918000000,USB LS and FS,Byte 0x00
6.655797584000000,USB LS and FS,Byte 0x01
6.655798246000000,USB LS and FS,Byte 0x01
6.655798908000000,USB LS and FS,Byte 0x00
6.655799574000000,USB LS and FS,Byte 0x0B
6.655800236000000,USB LS and FS,Byte 0x3D
6.655800900000000,USB LS and FS,Byte 0x07
6.655801564000000,USB LS and FS,Byte 0x64
6.657715210000000,USB LS and FS,byte=0xAA
6.657715878000000,USB LS and FS,byte=0x55
6.657716546000000,USB LS and FS,byte=0x53
6.657717212000000,USB LS and FS,byte=0x35
6.657717878000000,USB LS and FS,byte=0xFF
6.657718628000000,USB LS and FS,byte=0x02
6.657719292000000,USB LS and FS,byte=0x86
6.660085210000000,USB LS and FS,byte=0xAA
6.660085876000000,USB LS and FS,byte=0x55
6.660086544000000,USB LS and FS,byte=0x53
6.660087212000000,USB LS and FS,byte=0x19
6.660087876000000,USB LS and FS,byte=0xFF
6.660088626000000,USB LS and FS,byte=0x02
6.660089294000000,USB LS and FS,byte=0x6A
6.781755714000000,USB LS and FS,Byte 0x3E
6.781756378000000,USB LS and FS,Byte 0x55
6.781757042000000,USB LS and FS,Byte 0xAA
6.781757704000000,USB LS and FS,Byte 0x53
6.781758366000000,USB LS and FS,Byte 0x19
6.781759032000000,USB LS and FS,Byte 0x35
6.781759692000000,USB LS and FS,Byte 0x00
6.781760356000000,USB LS and FS,Byte 0x00
6.781761022000000,USB LS and FS,Byte 0x01
6.781761682000000,USB LS and FS,Byte 0x6A
6.781762346000000,USB LS and FS,Byte 0xDD
6.781763008000000,USB LS and FS,Byte 0x46
6.781763674000000,USB LS and FS,Byte 0x6B
6.781764336000000,USB LS and FS,Byte 0x3F
6.781765080000000,USB LS and FS,Byte 0x0E
6.781765744000000,USB LS and FS,Byte 0xA2
6.781766408000000,USB LS and FS,Byte 0x37
6.781767070000000,USB LS and FS,Byte 0x37
6.781767734000000,USB LS and FS,Byte 0x37
6.781768396000000,USB LS and FS,Byte 0x42
6.781769060000000,USB LS and FS,Byte 0x31
6.781769724000000,USB LS and FS,Byte 0x39
6.781770384000000,USB LS and FS,Byte 0x36
6.781771048000000,USB LS and FS,Byte 0x32
6.781771712000000,USB LS and FS,Byte 0x01
6.781772374000000,USB LS and FS,Byte 0x00
6.781773038000000,USB LS and FS,Byte 0x00
6.781773702000000,USB LS and FS,Byte 0x0C
6.781774366000000,USB LS and FS,Byte 0x06
6.781775030000000,USB LS and FS,Byte 0x4E
6.781775694000000,USB LS and FS,Byte 0x55
6.781776356000000,USB LS and FS,Byte 0xAA
6.781777020000000,USB LS and FS,Byte 0x53
6.781777684000000,USB LS and FS,Byte 0x1D
6.781778348000000,USB LS and FS,Byte 0x19
6.781779010000000,USB LS and FS,Byte 0x00
6.781779672000000,USB LS and FS,Byte 0x00
6.781780336000000,USB LS and FS,Byte 0x01
6.781781000000000,USB LS and FS,Byte 0x6A
6.781781664000000,USB LS and FS,Byte 0xDD
6.781782326000000,USB LS and FS,Byte 0x46
6.781782990000000,USB LS and FS,Byte 0x6B
6.781783652000000,USB LS and FS,Byte 0x42
6.781784316000000,USB LS and FS,Byte 0xA2
6.781784980000000,USB LS and FS,Byte 0x37
6.781785644000000,USB LS and FS,Byte 0x37
6.781786306000000,USB LS and FS,Byte 0x37
6.781786968000000,USB LS and FS,Byte 0x42
6.781787634000000,USB LS and FS,Byte 0x31
6.781788296000000,USB LS and FS,Byte 0x39
6.781788960000000,USB LS and FS,Byte 0x36
6.781789622000000,USB LS and FS,Byte 0x32
6.781790286000000,USB LS and FS,Byte 0x01
6.781790948000000,USB LS and FS,Byte 0x18
6.781791612000000,USB LS and FS,Byte 0x60
6.781792274000000,USB LS and FS,Byte 0x00
6.781792938000000,USB LS and FS,Byte 0x01
6.781793600000000,USB LS and FS,Byte 0x00
6.781794264000000,USB LS and FS,Byte 0x00
6.781794926000000,USB LS and FS,Byte 0x0C
6.781795590000000,USB LS and FS,Byte 0x3C
6.781796254000000,USB LS and FS,Byte 0x06
6.781796918000000,USB LS and FS,Byte 0xE0
6.782494736000000,USB LS and FS,byte=0xAA
6.782495402000000,USB LS and FS,byte=0x55
6.782496070000000,USB LS and FS,byte=0x53
6.782496738000000,USB LS and FS,byte=0x35
6.782497404000000,USB LS and FS,byte=0xFF
6.782498154000000,USB LS and FS,byte=0x02
6.782498818000000,USB LS and FS,byte=0x86
6.784692830000000,USB LS and FS,byte=0xAA
6.784693498000000,USB LS and FS,byte=0x55
6.784694166000000,USB LS and FS,byte=0x53
6.784694832000000,USB LS and FS,byte=0x19
6.784695498000000,USB LS and FS,byte=0xFF
6.784696246000000,USB LS and FS,byte=0x02
6.784696914000000,USB LS and FS,byte=0x6A
6.946749556000000,USB LS and FS,Byte 0x3E
6.946750220000000,USB LS and FS,Byte 0x55
6.946750886000000,USB LS and FS,Byte 0xAA
6.946751548000000,USB LS and FS,Byte 0x53
6.946752212000000,USB LS and FS,Byte 0x19
6.946752878000000,USB LS and FS,Byte 0x35
6.946753538000000,USB LS and FS,Byte 0x00
6.946754202000000,USB LS and FS,Byte 0x00
6.946754868000000,USB LS and FS,Byte 0x01
6.946755530000000,USB LS and FS,Byte 0x6A
6.946756194000000,USB LS and FS,Byte 0xDD
6.946756858000000,USB LS and FS,Byte 0x46
6.946757522000000,USB LS and FS,Byte 0x6B
6.946758184000000,USB LS and FS,Byte 0xDC
6.946758848000000,USB LS and FS,Byte 0x0E
6.946759512000000,USB LS and FS,Byte 0xA2
6.946760176000000,USB LS and FS,Byte 0x37
6.946760838000000,USB LS and FS,Byte 0x37
6.946761504000000,USB LS and FS,Byte 0x37
6.946762166000000,USB LS and FS,Byte 0x42
6.946762830000000,USB LS and FS,Byte 0x31
6.946763494000000,USB LS and FS,Byte 0x39
6.946764156000000,USB LS and FS,Byte 0x36
6.946764820000000,USB LS and FS,Byte 0x32
6.946765484000000,USB LS and FS,Byte 0x01
6.946766148000000,USB LS and FS,Byte 0x01
6.946766812000000,USB LS and FS,Byte 0x00
6.946767474000000,USB LS and FS,Byte 0x0D
6.946768138000000,USB LS and FS,Byte 0x06
6.946768804000000,USB LS and FS,Byte 0xED
6.946769466000000,USB LS and FS,Byte 0x55
6.946770128000000,USB LS and FS,Byte 0xAA
6.946770792000000,USB LS and FS,Byte 0x53
6.946771456000000,USB LS and FS,Byte 0x1D
6.946772120000000,USB LS and FS,Byte 0x19
6.946772782000000,USB LS and FS,Byte 0x00
6.946773446000000,USB LS and FS,Byte 0x00
6.946774110000000,USB LS and FS,Byte 0x01
6.946774772000000,USB LS and FS,Byte 0x6A
6.946775438000000,USB LS and FS,Byte 0xDD
6.946776100000000,USB LS and FS,Byte 0x46
6.946776764000000,USB LS and FS,Byte 0x6B
6.946777428000000,USB LS and FS,Byte 0xDF
6.946778092000000,USB LS and FS,Byte 0xA2
6.946778756000000,USB LS and FS,Byte 0x37
6.946779418000000,USB LS and FS,Byte 0x37
6.946780082000000,USB LS and FS,Byte 0x37
6.946780744000000,USB LS and FS,Byte 0x42
6.946781408000000,USB LS and FS,Byte 0x31
6.946782072000000,USB LS and FS,Byte 0x39
6.946782734000000,USB LS and FS,Byte 0x36
6.946783396000000,USB LS and FS,Byte 0x32
6.946784062000000,USB LS and FS,Byte 0x01
6.946784726000000,USB LS and FS,Byte 0x17
6.946785388000000,USB LS and FS,Byte 0x59
6.946786052000000,USB LS and FS,Byte 0x00
6.946786718000000,USB LS and FS,Byte 0x01
6.946787380000000,USB LS and FS,Byte 0x01
6.946788042000000,USB LS and FS,Byte 0x00
6.946788708000000,USB LS and FS,Byte 0x0D
6.946789370000000,USB LS and FS,Byte 0x3C
6.946790034000000,USB LS and FS,Byte 0x07
6.946790700000000,USB LS and FS,Byte 0x77
6.947459758000000,USB LS and FS,byte=0xAA
6.947460424000000,USB LS and FS,byte=0x55
6.947461092000000,USB LS and FS,byte=0x53
6.947461760000000,USB LS and FS,byte=0x35
6.947462426000000,USB LS and FS,byte=0xFF
6.947463174000000,USB LS and FS,byte=0x02
6.947463840000000,USB LS and FS,byte=0x86
6.949319042000000,USB LS and FS,byte=0xAA
6.949319710000000,USB LS and FS,byte=0x55
6.949320378000000,USB LS and FS,byte=0x53
6.949321044000000,USB LS and FS,byte=0x19
6.949321710000000,USB LS and FS,byte=0xFF
6.949322460000000,USB LS and FS,byte=0x02
6.949323126000000,USB LS and FS,byte=0x6A
7.068745042000000,USB LS and FS,Byte 0x3E
7.068745706000000,USB LS and FS,Byte 0x55
7.068746370000000,USB LS and FS,Byte 0xAA
7.068747030000000,USB LS and FS,Byte 0x53
7.068747694000000,USB LS and FS,Byte 0x19
7.068748360000000,USB LS and FS,Byte 0x35
7.068749020000000,USB LS and FS,Byte 0x00
7.068749682000000,USB LS and FS,Byte 0x00
7.068750346000000,USB LS and FS,Byte 0x01
7.068751008000000,USB LS and FS,Byte 0x6A
7.068751670000000,USB LS and FS,Byte 0xDD
7.068752332000000,USB LS and FS,Byte 0x46
7.068752994000000,USB LS and FS,Byte 0x6C
7.068753658000000,USB LS and FS,Byte 0x51
7.068754320000000,USB LS and FS,Byte 0x0E
7.068754982000000,USB LS and FS,Byte 0xA2
7.068755644000000,USB LS and FS,Byte 0x37
7.068756308000000,USB LS and FS,Byte 0x37
7.068756970000000,USB LS and FS,Byte 0x37
7.068757632000000,USB LS and FS,Byte 0x42
7.068758296000000,USB LS and FS,Byte 0x31
7.068758958000000,USB LS and FS,Byte 0x39
7.068759620000000,USB LS and FS,Byte 0x36
7.068760284000000,USB LS and FS,Byte 0x32
7.068760946000000,USB LS and FS,Byte 0x01
7.068761608000000,USB LS and FS,Byte 0x00
7.068762270000000,USB LS and FS,Byte 0x00
7.068762934000000,USB LS and FS,Byte 0x0E
7.068763594000000,USB LS and FS,Byte 0x06
7.068764260000000,USB LS and FS,Byte 0x63
7.068764922000000,USB LS and FS,Byte 0x55
7.068765584000000,USB LS and FS,Byte 0xAA
7.068766248000000,USB LS and FS,Byte 0x53
7.068766910000000,USB LS and FS,Byte 0x1D
7.068767574000000,USB LS and FS,Byte 0x19
7.068768234000000,USB LS and FS,Byte 0x00
7.068768898000000,USB LS and FS,Byte 0x00
7.068769560000000,USB LS and FS,Byte 0x01
7.068770222000000,USB LS and FS,Byte 0x6A
7.068770886000000,USB LS and FS,Byte 0xDD
7.068771546000000,USB LS and FS,Byte 0x46
7.068772210000000,USB LS and FS,Byte 0x6C
7.068772874000000,USB LS and FS,Byte 0x53
7.068773536000000,USB LS and FS,Byte 0xA2
7.068774200000000,USB LS and FS,Byte 0x37
7.068774860000000,USB LS and FS,Byte 0x37
7.068775524000000,USB LS and FS,Byte 0x37
7.068776186000000,USB LS and FS,Byte 0x42
7.068776848000000,USB LS and FS,Byte 0x31
7.068777510000000,USB LS and FS,Byte 0x39
7.068778170000000,USB LS and FS,Byte 0x36
7.068778834000000,USB LS and FS,Byte 0x32
7.068779498000000,USB LS and FS,Byte 0x01
7.068780160000000,USB LS and FS,Byte 0x14
7.068780824000000,USB LS and FS,Byte 0x5F
7.068781486000000,USB LS and FS,Byte 0x00
7.068782152000000,USB LS and FS,Byte 0x01
7.068782812000000,USB LS and FS,Byte 0x00
7.068783476000000,USB LS and FS,Byte 0x00
7.068784138000000,USB LS and FS,Byte 0x0E
7.068784802000000,USB LS and FS,Byte 0x3B
7.068785464000000,USB LS and FS,Byte 0x06
7.068786126000000,USB LS and FS,Byte 0xEE
7.069489392000000,USB LS and FS,byte=0xAA
7.069490060000000,USB LS and FS,byte=0x55
7.069490728000000,USB LS and FS,byte=0x53
7.069491394000000,USB LS and FS,byte=0x35
7.069492060000000,USB LS and FS,byte=0xFF
7.069492810000000,USB LS and FS,byte=0x02
7.069493476000000,USB LS and FS,byte=0x86
7.071433504000000,USB LS and FS,byte=0xAA
7.071434172000000,USB LS and FS,byte=0x55
7.071434840000000,USB LS and FS,byte=0x53
7.071435508000000,USB LS and FS,byte=0x19
7.071436172000000,USB LS and FS,byte=0xFF
7.071436922000000,USB LS and FS,byte=0x02
7.071437590000000,USB LS and FS,byte=0x6A
7.251738200000000,USB LS and FS,Byte 0x3E
7.251738866000000,USB LS and FS,Byte 0x55
7.251739530000000,USB LS and FS,Byte 0xAA
7.251740190000000,USB LS and FS,Byte 0x53
7.251740854000000,USB LS and FS,Byte 0x19
7.251741520000000,USB LS and FS,Byte 0x35
7.251742180000000,USB LS and FS,Byte 0x00
7.251742844000000,USB LS and FS,Byte 0x00
7.251743510000000,USB LS and FS,Byte 0x01
7.251744170000000,USB LS and FS,Byte 0x6A
7.251744834000000,USB LS and FS,Byte 0xDD
7.251745496000000,USB LS and FS,Byte 0x46
7.251746160000000,USB LS and FS,Byte 0x6C
7.251746822000000,USB LS and FS,Byte 0xFE
7.251747568000000,USB LS and FS,Byte 0x0E
7.251748234000000,USB LS and FS,Byte 0xA2
7.251748896000000,USB LS and FS,Byte 0x37
7.251749558000000,USB LS and FS,Byte 0x37
7.251750222000000,USB LS and FS,Byte 0x37
7.251750884000000,USB LS and FS,Byte 0x42
7.251751546000000,USB LS and FS,Byte 0x31
7.251752210000000,USB LS and FS,Byte 0x39
7.251752872000000,USB LS and FS,Byte 0x36
7.251753534000000,USB LS and FS,Byte 0x32
7.251754198000000,USB LS and FS,Byte 0x01
7.251754862000000,USB LS and FS,Byte 0x01
7.251755524000000,USB LS and FS,Byte 0x00
7.251756188000000,USB LS and FS,Byte 0x0F
7.251756850000000,USB LS and FS,Byte 0x07
7.251757514000000,USB LS and FS,Byte 0x12
7.251758178000000,USB LS and FS,Byte 0x55
7.251758838000000,USB LS and FS,Byte 0xAA
7.251759504000000,USB LS and FS,Byte 0x53
7.251760168000000,USB LS and FS,Byte 0x1D
7.251760830000000,USB LS and FS,Byte 0x19
7.251761494000000,USB LS and FS,Byte 0x00
7.251762158000000,USB LS and FS,Byte 0x00
7.251762820000000,USB LS and FS,Byte 0x01
7.251763484000000,USB LS and FS,Byte 0x6A
7.251764148000000,USB LS and FS,Byte 0xDD
7.251764810000000,USB LS and FS,Byte 0x46
7.251765474000000,USB LS and FS,Byte 0x6D
7.251766138000000,USB LS and FS,Byte 0x01
7.251766800000000,USB LS and FS,Byte 0xA2
7.251767464000000,USB LS and FS,Byte 0x37
7.251768126000000,USB LS and FS,Byte 0x37
7.251768792000000,USB LS and FS,Byte 0x37
7.251769452000000,USB LS and FS,Byte 0x42
7.251770116000000,USB LS and FS,Byte 0x31
7.251770780000000,USB LS and FS,Byte 0x39
7.251771442000000,USB LS and FS,Byte 0x36
7.251772106000000,USB LS and FS,Byte 0x32
7.251772770000000,USB LS and FS,Byte 0x01
7.251773434000000,USB LS and FS,Byte 0x17
7.251774096000000,USB LS and FS,Byte 0x57
7.251774758000000,USB LS and FS,Byte 0x00
7.251775424000000,USB LS and FS,Byte 0x01
7.251776086000000,USB LS and FS,Byte 0x01
7.251776748000000,USB LS and FS,Byte 0x00
7.251777412000000,USB LS and FS,Byte 0x0F
7.251778074000000,USB LS and FS,Byte 0x3B
7.251778738000000,USB LS and FS,Byte 0x06
7.251779402000000,USB LS and FS,Byte 0x9A
7.252439644000000,USB LS and FS,byte=0xAA
7.252440310000000,USB LS and FS,byte=0x55
7.252440978000000,USB LS and FS,byte=0x53
7.252441646000000,USB LS and FS,byte=0x35
7.252442312000000,USB LS and FS,byte=0xFF
7.252443060000000,USB LS and FS,byte=0x02
7.252443726000000,USB LS and FS,byte=0x86
7.253202506000000,USB LS and FS,byte=0xAA
7.253203174000000,USB LS and FS,byte=0x55
7.253203842000000,USB LS and FS,byte=0x53
7.253204508000000,USB LS and FS,byte=0x19
7.253205174000000,USB LS and FS,byte=0xFF
7.253205922000000,USB LS and FS,byte=0x02
7.253206590000000,USB LS and FS,byte=0x6A
7.371733738000000,USB LS and FS,Byte 0x3E
7.371734402000000,USB LS and FS,Byte 0x55
7.371735068000000,USB LS and FS,Byte 0xAA
7.371735728000000,USB LS and FS,Byte 0x53
7.371736392000000,USB LS and FS,Byte 0x19
7.371737060000000,USB LS and FS,Byte 0x35
7.371737720000000,USB LS and FS,Byte 0x00
7.371738384000000,USB LS and FS,Byte 0x00
7.371739050000000,USB LS and FS,Byte 0x01
7.371739712000000,USB LS and FS,Byte 0x6A
7.371740376000000,USB LS and FS,Byte 0xDD
7.371741040000000,USB LS and FS,Byte 0x46
7.371741704000000,USB LS and FS,Byte 0x6D
7.371742368000000,USB LS and FS,Byte 0x71
7.371743030000000,USB LS and FS,Byte 0x0E
7.371743694000000,USB LS and FS,Byte 0xA2
7.371744356000000,USB LS and FS,Byte 0x37
7.371745022000000,USB LS and FS,Byte 0x37
7.371745684000000,USB LS and FS,Byte 0x37
7.371746346000000,USB LS and FS,Byte 0x42
7.371747012000000,USB LS and FS,Byte 0x31
7.371747676000000,USB LS and FS,Byte 0x39
7.371748340000000,USB LS and FS,Byte 0x36
7.371749002000000,USB LS and FS,Byte 0x32
7.371749666000000,USB LS and FS,Byte 0x01
7.371750330000000,USB LS and FS,Byte 0x00
7.371750992000000,USB LS and FS,Byte 0x00
7.371751656000000,USB LS and FS,Byte 0x10
7.371752318000000,USB LS and FS,Byte 0x06
7.371752982000000,USB LS and FS,Byte 0x86
7.371753646000000,USB LS and FS,Byte 0x55
7.371754310000000,USB LS and FS,Byte 0xAA
7.371754972000000,USB LS and FS,Byte 0x53
7.371755636000000,USB LS and FS,Byte 0x1D
7.371756300000000,USB LS and FS,Byte 0x19
7.371756962000000,USB LS and FS,Byte 0x00
7.371757626000000,USB LS and FS,Byte 0x00
7.371758292000000,USB LS and FS,Byte 0x01
7.371758954000000,USB LS and FS,Byte 0x6A
7.371759618000000,USB LS and FS,Byte 0xDD
7.371760280000000,USB LS and FS,Byte 0x46
7.371760946000000,USB LS and FS,Byte 0x6D
7.371761606000000,USB LS and FS,Byte 0x74
7.371762270000000,USB LS and FS,Byte 0xA2
7.371762934000000,USB LS and FS,Byte 0x37
7.371763598000000,USB LS and FS,Byte 0x37
7.371764262000000,USB LS and FS,Byte 0x37
7.371764926000000,USB LS and FS,Byte 0x42
7.371765590000000,USB LS and FS,Byte 0x31
7.371766254000000,USB LS and FS,Byte 0x39
7.371766916000000,USB LS and FS,Byte 0x36
7.371767578000000,USB LS and FS,Byte 0x32
7.371768242000000,USB LS and FS,Byte 0x01
7.371768906000000,USB LS and FS,Byte 0x18
7.371769568000000,USB LS and FS,Byte 0x60
7.371770232000000,USB LS and FS,Byte 0x00
7.371770898000000,USB LS and FS,Byte 0x01
7.371771560000000,USB LS and FS,Byte 0x00
7.371772224000000,USB LS and FS,Byte 0x00
7.371772888000000,USB LS and FS,Byte 0x10
7.371773552000000,USB LS and FS,Byte 0x3B
7.371774214000000,USB LS and FS,Byte 0x07
7.371774878000000,USB LS and FS,Byte 0x17
7.372422838000000,USB LS and FS,byte=0xAA
7.372423506000000,USB LS and FS,byte=0x55
7.372424174000000,USB LS and FS,byte=0x53
7.372424840000000,USB LS and FS,byte=0x35
7.372425508000000,USB LS and FS,byte=0xFF
7.372426256000000,USB LS and FS,byte=0x02
7.372426922000000,USB LS and FS,byte=0x86
7.373185368000000,USB LS and FS,byte=0xAA
7.373186036000000,USB LS and FS,byte=0x55
7.373186704000000,USB LS and FS,byte=0x53
7.373187370000000,USB LS and FS,byte=0x19
7.373188036000000,USB LS and FS,byte=0xFF
7.373188786000000,USB LS and FS,byte=0x02
7.373189454000000,USB LS and FS,byte=0x6A
7.560726716000000,USB LS and FS,Byte 0x3E
7.560727380000000,USB LS and FS,Byte 0x55
7.560728044000000,USB LS and FS,Byte 0xAA
7.560728706000000,USB LS and FS,Byte 0x53
7.560729368000000,USB LS and FS,Byte 0x19
7.560730034000000,USB LS and FS,Byte 0x35
7.560730692000000,USB LS and FS,Byte 0x00
7.560731356000000,USB LS and FS,Byte 0x00
7.560732022000000,USB LS and FS,Byte 0x01
7.560732684000000,USB LS and FS,Byte 0x6A
7.560733346000000,USB LS and FS,Byte 0xDD
7.560734010000000,USB LS and FS,Byte 0x46
7.560734672000000,USB LS and FS,Byte 0x6E
7.560735336000000,USB LS and FS,Byte 0x25
7.560735998000000,USB LS and FS,Byte 0x0E
7.560736662000000,USB LS and FS,Byte 0xA2
7.560737324000000,USB LS and FS,Byte 0x37
7.560737988000000,USB LS and FS,Byte 0x37
7.560738652000000,USB LS and FS,Byte 0x37
7.560739314000000,USB LS and FS,Byte 0x42
7.560739976000000,USB LS and FS,Byte 0x31
7.560740640000000,USB LS and FS,Byte 0x39
7.560741302000000,USB LS and FS,Byte 0x36
7.560741966000000,USB LS and FS,Byte 0x32
7.560742630000000,USB LS and FS,Byte 0x01
7.560743294000000,USB LS and FS,Byte 0x01
7.560743956000000,USB LS and FS,Byte 0x00
7.560744620000000,USB LS and FS,Byte 0x11
7.560745282000000,USB LS and FS,Byte 0x06
7.560745946000000,USB LS and FS,Byte 0x3D
7.560746610000000,USB LS and FS,Byte 0x55
7.560747272000000,USB LS and FS,Byte 0xAA
7.560747934000000,USB LS and FS,Byte 0x53
7.560748598000000,USB LS and FS,Byte 0x1D
7.560749262000000,USB LS and FS,Byte 0x19
7.560749924000000,USB LS and FS,Byte 0x00
7.560750586000000,USB LS and FS,Byte 0x00
7.560751250000000,USB LS and FS,Byte 0x01
7.560751914000000,USB LS and FS,Byte 0x6A
7.560752578000000,USB LS and FS,Byte 0xDD
7.560753240000000,USB LS and FS,Byte 0x46
7.560753904000000,USB LS and FS,Byte 0x6E
7.560754564000000,USB LS and FS,Byte 0x28
7.560755228000000,USB LS and FS,Byte 0xA2
7.560755892000000,USB LS and FS,Byte 0x37
7.560756556000000,USB LS and FS,Byte 0x37
7.560757220000000,USB LS and FS,Byte 0x37
7.560757882000000,USB LS and FS,Byte 0x42
7.560758546000000,USB LS and FS,Byte 0x31
7.560759208000000,USB LS and FS,Byte 0x39
7.560759870000000,USB LS and FS,Byte 0x36
7.560760534000000,USB LS and FS,Byte 0x32
7.560761196000000,USB LS and FS,Byte 0x01
7.560761860000000,USB LS and FS,Byte 0x17
7.560762522000000,USB LS and FS,Byte 0x5A
7.560763184000000,USB LS and FS,Byte 0x00
7.560763848000000,USB LS and FS,Byte 0x01
7.560764512000000,USB LS and FS,Byte 0x01
7.560765176000000,USB LS and FS,Byte 0x00
7.560765840000000,USB LS and FS,Byte 0x11
7.560766502000000,USB LS and FS,Byte 0x3B
7.560767164000000,USB LS and FS,Byte 0x06
7.560767828000000,USB LS and FS,Byte 0xC7
7.561489990000000,USB LS and FS,byte=0xAA
7.561490658000000,USB LS and FS,byte=0x55
7.561491326000000,USB LS and FS,byte=0x53
7.561491992000000,USB LS and FS,byte=0x35
7.561492658000000,USB LS and FS,byte=0xFF
7.561493408000000,USB LS and FS,byte=0x02
7.561494074000000,USB LS and FS,byte=0x86
7.563195036000000,USB LS and FS,byte=0xAA
7.563195704000000,USB LS and FS,byte=0x55
7.563196372000000,USB LS and FS,byte=0x53
7.563197038000000,USB LS and FS,byte=0x19
7.563197704000000,USB LS and FS,byte=0xFF
7.563198454000000,USB LS and FS,byte=0x02
7.563199120000000,USB LS and FS,byte=0x6A
7.680722254000000,USB LS and FS,Byte 0x3E
7.680722918000000,USB LS and FS,Byte 0x55
7.680723582000000,USB LS and FS,Byte 0xAA
7.680724244000000,USB LS and FS,Byte 0x53
7.680724906000000,USB LS and FS,Byte 0x19
7.680725572000000,USB LS and FS,Byte 0x35
7.680726232000000,USB LS and FS,Byte 0x00
7.680726896000000,USB LS and FS,Byte 0x00
7.680727562000000,USB LS and FS,Byte 0x01
7.680728222000000,USB LS and FS,Byte 0x6A
7.680728886000000,USB LS and FS,Byte 0xDD
7.680729550000000,USB LS and FS,Byte 0x46
7.680730212000000,USB LS and FS,Byte 0x6E
7.680730876000000,USB LS and FS,Byte 0x98
7.680731538000000,USB LS and FS,Byte 0x0E
7.680732202000000,USB LS and FS,Byte 0xA2
7.680732864000000,USB LS and FS,Byte 0x37
7.680733528000000,USB LS and FS,Byte 0x37
7.680734192000000,USB LS and FS,Byte 0x37
7.680734854000000,USB LS and FS,Byte 0x42
7.680735516000000,USB LS and FS,Byte 0x31
7.680736180000000,USB LS and FS,Byte 0x39
7.680736842000000,USB LS and FS,Byte 0x36
7.680737504000000,USB LS and FS,Byte 0x32
7.680738168000000,USB LS and FS,Byte 0x01
7.680738832000000,USB LS and FS,Byte 0x00
7.680739494000000,USB LS and FS,Byte 0x00
7.680740156000000,USB LS and FS,Byte 0x12
7.680740820000000,USB LS and FS,Byte 0x06
7.680741484000000,USB LS and FS,Byte 0xB0
7.680742148000000,USB LS and FS,Byte 0x55
7.680742810000000,USB LS and FS,Byte 0xAA
7.680743474000000,USB LS and FS,Byte 0x53
7.680744136000000,USB LS and FS,Byte 0x1D
7.680744800000000,USB LS and FS,Byte 0x19
7.680745462000000,USB LS and FS,Byte 0x00
7.680746126000000,USB LS and FS,Byte 0x00
7.680746790000000,USB LS and FS,Byte 0x01
7.680747452000000,USB LS and FS,Byte 0x6A
7.680748116000000,USB LS and FS,Byte 0xDD
7.680748778000000,USB LS and FS,Byte 0x46
7.680749442000000,USB LS and FS,Byte 0x6E
7.680750106000000,USB LS and FS,Byte 0x9B
7.680750768000000,USB LS and FS,Byte 0xA2
7.680751430000000,USB LS and FS,Byte 0x37
7.680752094000000,USB LS and FS,Byte 0x37
7.680752758000000,USB LS and FS,Byte 0x37
7.680753420000000,USB LS and FS,Byte 0x42
7.680754084000000,USB LS and FS,Byte 0x31
7.680754746000000,USB LS and FS,Byte 0x39
7.680755410000000,USB LS and FS,Byte 0x36
7.680756072000000,USB LS and FS,Byte 0x32
7.680756736000000,USB LS and FS,Byte 0x01
7.680757398000000,USB LS and FS,Byte 0x18
7.680758060000000,USB LS and FS,Byte 0x60
7.680758724000000,USB LS and FS,Byte 0x00
7.680759388000000,USB LS and FS,Byte 0x01
7.680760050000000,USB LS and FS,Byte 0x00
7.680760712000000,USB LS and FS,Byte 0x00
7.680761376000000,USB LS and FS,Byte 0x12
7.680762040000000,USB LS and FS,Byte 0x3C
7.680762704000000,USB LS and FS,Byte 0x07
7.680763366000000,USB LS and FS,Byte 0x42
7.681414606000000,USB LS and FS,byte=0xAA
7.681415274000000,USB LS and FS,byte=0x55
7.681415942000000,USB LS and FS,byte=0x53
7.681416608000000,USB LS and FS,byte=0x35
7.681417274000000,USB LS and FS,byte=0xFF
7.681418024000000,USB LS and FS,byte=0x02
7.681418690000000,USB LS and FS,byte=0x86
7.682438366000000,USB LS and FS,byte=0xAA
7.682439034000000,USB LS and FS,byte=0x55
7.682439702000000,USB LS and FS,byte=0x53
7.682440368000000,USB LS and FS,byte=0x19
7.682441034000000,USB LS and FS,byte=0xFF
7.682441784000000,USB LS and FS,byte=0x02
7.682442452000000,USB LS and FS,byte=0x6A
7.863715410000000,USB LS and FS,Byte 0x3E
7.863716074000000,USB LS and FS,Byte 0x55
7.863716738000000,USB LS and FS,Byte 0xAA
7.863717400000000,USB LS and FS,Byte 0x53
7.863718064000000,USB LS and FS,Byte 0x19
7.863718728000000,USB LS and FS,Byte 0x35
7.863719388000000,USB LS and FS,Byte 0x00
7.863720052000000,USB LS and FS,Byte 0x00
7.863720718000000,USB LS and FS,Byte 0x01
7.863721380000000,USB LS and FS,Byte 0x6A
7.863722042000000,USB LS and FS,Byte 0xDD
7.863722706000000,USB LS and FS,Byte 0x46
7.863723372000000,USB LS and FS,Byte 0x6F
7.863724032000000,USB LS and FS,Byte 0x46
7.863724696000000,USB LS and FS,Byte 0x0E
7.863725360000000,USB LS and FS,Byte 0xA2
7.863726022000000,USB LS and FS,Byte 0x37
7.863726688000000,USB LS and FS,Byte 0x37
7.863727350000000,USB LS and FS,Byte 0x37
7.863728012000000,USB LS and FS,Byte 0x42
7.863728678000000,USB LS and FS,Byte 0x31
7.863729340000000,USB LS and FS,Byte 0x39
7.863730002000000,USB LS and FS,Byte 0x36
7.863730668000000,USB LS and FS,Byte 0x32
7.863731332000000,USB LS and FS,Byte 0x01
7.863731994000000,USB LS and FS,Byte 0x01
7.863732656000000,USB LS and FS,Byte 0x00
7.863733322000000,USB LS and FS,Byte 0x13
7.863733984000000,USB LS and FS,Byte 0x06
7.863734648000000,USB LS and FS,Byte 0x61
7.863735314000000,USB LS and FS,Byte 0x55
7.863735974000000,USB LS and FS,Byte 0xAA
7.863736640000000,USB LS and FS,Byte 0x53
7.863737302000000,USB LS and FS,Byte 0x1D
7.863737966000000,USB LS and FS,Byte 0x19
7.863738630000000,USB LS and FS,Byte 0x00
7.863739292000000,USB LS and FS,Byte 0x00
7.863739958000000,USB LS and FS,Byte 0x01
7.863740620000000,USB LS and FS,Byte 0x6A
7.863741284000000,USB LS and FS,Byte 0xDD
7.863741946000000,USB LS and FS,Byte 0x46
7.863742612000000,USB LS and FS,Byte 0x6F
7.863743276000000,USB LS and FS,Byte 0x49
7.863743938000000,USB LS and FS,Byte 0xA2
7.863744602000000,USB LS and FS,Byte 0x37
7.863745266000000,USB LS and FS,Byte 0x37
7.863745930000000,USB LS and FS,Byte 0x37
7.863746592000000,USB LS and FS,Byte 0x42
7.863747256000000,USB LS and FS,Byte 0x31
7.863747920000000,USB LS and FS,Byte 0x39
7.863748582000000,USB LS and FS,Byte 0x36
7.863749246000000,USB LS and FS,Byte 0x32
7.863749910000000,USB LS and FS,Byte 0x01
7.863750572000000,USB LS and FS,Byte 0x14
7.863751236000000,USB LS and FS,Byte 0x5A
7.863751898000000,USB LS and FS,Byte 0x00
7.863752564000000,USB LS and FS,Byte 0x01
7.863753226000000,USB LS and FS,Byte 0x01
7.863753888000000,USB LS and FS,Byte 0x00
7.863754554000000,USB LS and FS,Byte 0x13
7.863755218000000,USB LS and FS,Byte 0x3B
7.863755880000000,USB LS and FS,Byte 0x06
7.863756544000000,USB LS and FS,Byte 0xE8
7.864510178000000,USB LS and FS,byte=0xAA
7.864510844000000,USB LS and FS,byte=0x55
7.864511512000000,USB LS and FS,byte=0x53
7.864512180000000,USB LS and FS,byte=0x35
7.864512846000000,USB LS and FS,byte=0xFF
7.864513596000000,USB LS and FS,byte=0x02
7.864514260000000,USB LS and FS,byte=0x86
7.865380450000000,USB LS and FS,byte=0xAA
7.865381116000000,USB LS and FS,byte=0x55
7.865381784000000,USB LS and FS,byte=0x53
7.865382452000000,USB LS and FS,byte=0x19
7.865383116000000,USB LS and FS,byte=0xFF
7.865383866000000,USB LS and FS,byte=0x02
7.865384534000000,USB LS and FS,byte=0x6A
8.005710132000001,USB LS and FS,Byte 0x3E
8.005710796000001,USB LS and FS,Byte 0x55
8.005711462000001,USB LS and FS,Byte 0xAA
8.005712122000000,USB LS and FS,Byte 0x53
8.005712786000000,USB LS and FS,Byte 0x19
8.005713452000000,USB LS and FS,Byte 0x35
8.005714110000000,USB LS and FS,Byte 0x00
8.005714773999999,USB LS and FS,Byte 0x00
8.005715439999999,USB LS and FS,Byte 0x01
8.005716101999999,USB LS and FS,Byte 0x6A
8.005716764000001,USB LS and FS,Byte 0xDD
8.005717428000001,USB LS and FS,Byte 0x46
8.005718092000000,USB LS and FS,Byte 0x6F
8.005718752000000,USB LS and FS,Byte 0xCE
8.005719416000000,USB LS and FS,Byte 0x0E
8.005720078000000,USB LS and FS,Byte 0xA2
8.005720741999999,USB LS and FS,Byte 0x37
8.005721405999999,USB LS and FS,Byte 0x37
8.005722068000001,USB LS and FS,Byte 0x37
8.005722730000000,USB LS and FS,Byte 0x42
8.005723396000000,USB LS and FS,Byte 0x31
8.005724058000000,USB LS and FS,Byte 0x39
8.005724720000000,USB LS and FS,Byte 0x36
8.005725384000000,USB LS and FS,Byte 0x32
8.005726048000000,USB LS and FS,Byte 0x01
8.005726712000000,USB LS and FS,Byte 0x00
8.005727373999999,USB LS and FS,Byte 0x00
8.005728038000001,USB LS and FS,Byte 0x14
8.005728700000001,USB LS and FS,Byte 0x06
8.005729364000000,USB LS and FS,Byte 0xE9
8.005730030000000,USB LS and FS,Byte 0x55
8.005730690000000,USB LS and FS,Byte 0xAA
8.005731354000000,USB LS and FS,Byte 0x53
8.005732016000000,USB LS and FS,Byte 0x1D
8.005732679999999,USB LS and FS,Byte 0x19
8.005733341999999,USB LS and FS,Byte 0x00
8.005734004000001,USB LS and FS,Byte 0x00
8.005734668000001,USB LS and FS,Byte 0x01
8.005735330000000,USB LS and FS,Byte 0x6A
8.005735994000000,USB LS and FS,Byte 0xDD
8.005736656000000,USB LS and FS,Byte 0x46
8.005737320000000,USB LS and FS,Byte 0x6F
8.005737981999999,USB LS and FS,Byte 0xD1
8.005738643999999,USB LS and FS,Byte 0xA2
8.005739308000001,USB LS and FS,Byte 0x37
8.005739970000000,USB LS and FS,Byte 0x37
8.005740634000000,USB LS and FS,Byte 0x37
8.005741296000000,USB LS and FS,Byte 0x42
8.005741960000000,USB LS and FS,Byte 0x31
8.005742624000000,USB LS and FS,Byte 0x39
8.005743283999999,USB LS and FS,Byte 0x36
8.005743947999999,USB LS and FS,Byte 0x32
8.005744610000001,USB LS and FS,Byte 0x01
8.005745276000001,USB LS and FS,Byte 0x17
8.005745938000000,USB LS and FS,Byte 0x5F
8.005746598000000,USB LS and FS,Byte 0x00
8.005747264000000,USB LS and FS,Byte 0x01
8.005747926000000,USB LS and FS,Byte 0x00
8.005748590000000,USB LS and FS,Byte 0x00
8.005749253999999,USB LS and FS,Byte 0x14
8.005749915999999,USB LS and FS,Byte 0x3C
8.005750580000001,USB LS and FS,Byte 0x07
8.005751246000001,USB LS and FS,Byte 0x79
8.006423240000000,USB LS and FS,byte=0xAA
8.006423908000000,USB LS and FS,byte=0x55
8.006424576000001,USB LS and FS,byte=0x53
8.006425242000001,USB LS and FS,byte=0x35
8.006425908000001,USB LS and FS,byte=0xFF
8.006426658000001,USB LS and FS,byte=0x02
8.006427324000001,USB LS and FS,byte=0x86
8.007190936000001,USB LS and FS,byte=0xAA
8.007191604000001,USB LS and FS,byte=0x55
8.007192271999999,USB LS and FS,byte=0x53
8.007192937999999,USB LS and FS,byte=0x19
8.007193603999999,USB LS and FS,byte=0xFF
8.007194352000001,USB LS and FS,byte=0x02
8.007195019999999,USB LS and FS,byte=0x6A
8.193703114000000,USB LS and FS,Byte 0x3E
8.193703778000000,USB LS and FS,Byte 0x55
8.193704442000000,USB LS and FS,Byte 0xAA
8.193705103999999,USB LS and FS,Byte 0x53
8.193705767999999,USB LS and FS,Byte 0x19
8.193706433999999,USB LS and FS,Byte 0x35
8.193707092000000,USB LS and FS,Byte 0x00
8.193707756000000,USB LS and FS,Byte 0x00
8.193708422000000,USB LS and FS,Byte 0x01
8.193709084000000,USB LS and FS,Byte 0x6A
8.193709746000000,USB LS and FS,Byte 0xDD
8.193710407999999,USB LS and FS,Byte 0x46
8.193711071999999,USB LS and FS,Byte 0x70
8.193711735999999,USB LS and FS,Byte 0x81
8.193712398000001,USB LS and FS,Byte 0x0E
8.193713060000000,USB LS and FS,Byte 0xA2
8.193713724000000,USB LS and FS,Byte 0x37
8.193714388000000,USB LS and FS,Byte 0x37
8.193715050000000,USB LS and FS,Byte 0x37
8.193715714000000,USB LS and FS,Byte 0x42
8.193716378000000,USB LS and FS,Byte 0x31
8.193717039999999,USB LS and FS,Byte 0x39
8.193717702000001,USB LS and FS,Byte 0x36
8.193718366000001,USB LS and FS,Byte 0x32
8.193719028000000,USB LS and FS,Byte 0x01
8.193719692000000,USB LS and FS,Byte 0x01
8.193720354000000,USB LS and FS,Byte 0x00
8.193721018000000,USB LS and FS,Byte 0x15
8.193721679999999,USB LS and FS,Byte 0x06
8.193722343999999,USB LS and FS,Byte 0x9F
8.193723006000001,USB LS and FS,Byte 0x55
8.193723670000001,USB LS and FS,Byte 0xAA
8.193724334000001,USB LS and FS,Byte 0x53
8.193724996000000,USB LS and FS,Byte 0x1D
8.193725660000000,USB LS and FS,Byte 0x19
8.193726322000000,USB LS and FS,Byte 0x00
8.193726986000000,USB LS and FS,Byte 0x00
8.193727650000000,USB LS and FS,Byte 0x01
8.193728311999999,USB LS and FS,Byte 0x6A
8.193728975999999,USB LS and FS,Byte 0xDD
8.193729638000001,USB LS and FS,Byte 0x46
8.193730302000001,USB LS and FS,Byte 0x70
8.193730964000000,USB LS and FS,Byte 0x84
8.193731628000000,USB LS and FS,Byte 0xA2
8.193732292000000,USB LS and FS,Byte 0x37
8.193732954000000,USB LS and FS,Byte 0x37
8.193733618000000,USB LS and FS,Byte 0x37
8.193734281999999,USB LS and FS,Byte 0x42
8.193734943999999,USB LS and FS,Byte 0x31
8.193735608000001,USB LS and FS,Byte 0x39
8.193736270000000,USB LS and FS,Byte 0x36
8.193736934000000,USB LS and FS,Byte 0x32
8.193737598000000,USB LS and FS,Byte 0x01
8.193738260000000,USB LS and FS,Byte 0x17
8.193738924000000,USB LS and FS,Byte 0x5F
8.193739586000000,USB LS and FS,Byte 0x00
8.193740249999999,USB LS and FS,Byte 0x01
8.193740912000001,USB LS and FS,Byte 0x01
8.193741574000001,USB LS and FS,Byte 0x00
8.193742238000000,USB LS and FS,Byte 0x15
8.193742900000000,USB LS and FS,Byte 0x3C
8.193743564000000,USB LS and FS,Byte 0x07
8.193744228000000,USB LS and FS,Byte 0x2F
8.194392966000001,USB LS and FS,byte=0xAA
8.194393634000001,USB LS and FS,byte=0x55
8.194394301999999,USB LS and FS,byte=0x53
8.194394967999999,USB LS and FS,byte=0x35
8.194395633999999,USB LS and FS,byte=0xFF
8.194396383999999,USB LS and FS,byte=0x02
8.194397049999999,USB LS and FS,byte=0x86
8.195345981999999,USB LS and FS,byte=0xAA
8.195346649999999,USB LS and FS,byte=0x55
8.195347318000000,USB LS and FS,byte=0x53
8.195347984000000,USB LS and FS,byte=0x19
8.195348650000000,USB LS and FS,byte=0xFF
8.195349397999999,USB LS and FS,byte=0x02
8.195350066000000,USB LS and FS,byte=0x6A
8.336697842000000,USB LS and FS,Byte 0x3E
8.336698505999999,USB LS and FS,Byte 0x55
8.336699169999999,USB LS and FS,Byte 0xAA
8.336699830000001,USB LS and FS,Byte 0x53
8.336700494000000,USB LS and FS,Byte 0x19
8.336701160000000,USB LS and FS,Byte 0x35
8.336701818000000,USB LS and FS,Byte 0x00
8.336702482000000,USB LS and FS,Byte 0x00
8.336703148000000,USB LS and FS,Byte 0x01
8.336703807999999,USB LS and FS,Byte 0x6A
8.336704471999999,USB LS and FS,Byte 0xDD
8.336705134000001,USB LS and FS,Byte 0x46
8.336705798000001,USB LS and FS,Byte 0x71
8.336706460000000,USB LS and FS,Byte 0x09
8.336707122000000,USB LS and FS,Byte 0x0E
8.336707786000000,USB LS and FS,Byte 0xA2
8.336708450000000,USB LS and FS,Byte 0x37
8.336709111999999,USB LS and FS,Byte 0x37
8.336709775999999,USB LS and FS,Byte 0x37
8.336710438000001,USB LS and FS,Byte 0x42
8.336711102000001,USB LS and FS,Byte 0x31
8.336711766000001,USB LS and FS,Byte 0x39
8.336712428000000,USB LS and FS,Byte 0x36
8.336713090000000,USB LS and FS,Byte 0x32
8.336713754000000,USB LS and FS,Byte 0x01
8.336714418000000,USB LS and FS,Byte 0x00
8.336715079999999,USB LS and FS,Byte 0x00
8.336715742000001,USB LS and FS,Byte 0x16
8.336716406000001,USB LS and FS,Byte 0x06
8.336717068000000,USB LS and FS,Byte 0x28
8.336717732000000,USB LS and FS,Byte 0x55
8.336718394000000,USB LS and FS,Byte 0xAA
8.336719058000000,USB LS and FS,Byte 0x53
8.336719720000000,USB LS and FS,Byte 0x1D
8.336720383999999,USB LS and FS,Byte 0x19
8.336721045999999,USB LS and FS,Byte 0x00
8.336721708000001,USB LS and FS,Byte 0x00
8.336722372000001,USB LS and FS,Byte 0x01
8.336723034000000,USB LS and FS,Byte 0x6A
8.336723698000000,USB LS and FS,Byte 0xDD
8.336724362000000,USB LS and FS,Byte 0x46
8.336725026000000,USB LS and FS,Byte 0x71
8.336725685999999,USB LS and FS,Byte 0x0C
8.336726349999999,USB LS and FS,Byte 0xA2
8.336727013999999,USB LS and FS,Byte 0x37
8.336727678000001,USB LS and FS,Byte 0x37
8.336728340000001,USB LS and FS,Byte 0x37
8.336729002000000,USB LS and FS,Byte 0x42
8.336729666000000,USB LS and FS,Byte 0x31
8.336730328000000,USB LS and FS,Byte 0x39
8.336730992000000,USB LS and FS,Byte 0x36
8.336731653999999,USB LS and FS,Byte 0x32
8.336732317999999,USB LS and FS,Byte 0x01
8.336732980000001,USB LS and FS,Byte 0x17
8.336733644000001,USB LS and FS,Byte 0x5F
8.336734306000000,USB LS and FS,Byte 0x00
8.336734970000000,USB LS and FS,Byte 0x01
8.336735632000000,USB LS and FS,Byte 0x00
8.336736294000000,USB LS and FS,Byte 0x00
8.336736957999999,USB LS and FS,Byte 0x16
8.336737621999999,USB LS and FS,Byte 0x3C
8.336738285999999,USB LS and FS,Byte 0x06
8.336738948000001,USB LS and FS,Byte 0xB8
8.337449030000000,USB LS and FS,byte=0xAA
8.337449698000000,USB LS and FS,byte=0x55
8.337450366000001,USB LS and FS,byte=0x53
8.337451032000001,USB LS and FS,byte=0x35
8.337451698000001,USB LS and FS,byte=0xFF
8.337452448000001,USB LS and FS,byte=0x02
8.337453114000001,USB LS and FS,byte=0x86
8.338244474000000,USB LS and FS,byte=0xAA
8.338245142000000,USB LS and FS,byte=0x55
8.338245810000000,USB LS and FS,byte=0x53
8.338246476000000,USB LS and FS,byte=0x19
8.338247142000000,USB LS and FS,byte=0xFF
8.338247890000000,USB LS and FS,byte=0x02
8.338248558000000,USB LS and FS,byte=0x6A
8.514691182000000,USB LS and FS,Byte 0x3E
8.514691846000000,USB LS and FS,Byte 0x55
8.514692510000000,USB LS and FS,Byte 0xAA
8.514693171999999,USB LS and FS,Byte 0x53
8.514693835999999,USB LS and FS,Byte 0x19
8.514694501999999,USB LS and FS,Byte 0x35
8.514695160000000,USB LS and FS,Byte 0x00
8.514695822000000,USB LS and FS,Byte 0x00
8.514696488000000,USB LS and FS,Byte 0x01
8.514697150000000,USB LS and FS,Byte 0x6A
8.514697812000000,USB LS and FS,Byte 0xDD
8.514698473999999,USB LS and FS,Byte 0x46
8.514699137999999,USB LS and FS,Byte 0x71
8.514699802000001,USB LS and FS,Byte 0xB3
8.514700462000000,USB LS and FS,Byte 0x0E
8.514701126000000,USB LS and FS,Byte 0xA2
8.514701788000000,USB LS and FS,Byte 0x37
8.514702452000000,USB LS and FS,Byte 0x37
8.514703114000000,USB LS and FS,Byte 0x37
8.514703775999999,USB LS and FS,Byte 0x42
8.514704441999999,USB LS and FS,Byte 0x31
8.514705104000001,USB LS and FS,Byte 0x39
8.514705766000001,USB LS and FS,Byte 0x36
8.514706430000000,USB LS and FS,Byte 0x32
8.514707092000000,USB LS and FS,Byte 0x01
8.514707756000000,USB LS and FS,Byte 0x01
8.514708418000000,USB LS and FS,Byte 0x00
8.514709082000000,USB LS and FS,Byte 0x17
8.514709742000001,USB LS and FS,Byte 0x06
8.514710406000001,USB LS and FS,Byte 0xD4
8.514711070000001,USB LS and FS,Byte 0x55
8.514711730000000,USB LS and FS,Byte 0xAA
8.514712396000000,USB LS and FS,Byte 0x53
8.514713058000000,USB LS and FS,Byte 0x1D
8.514713722000000,USB LS and FS,Byte 0x19
8.514714381999999,USB LS and FS,Byte 0x00
8.514715044000001,USB LS and FS,Byte 0x00
8.514715708000001,USB LS and FS,Byte 0x01
8.514716372000001,USB LS and FS,Byte 0x6A
8.514717036000000,USB LS and FS,Byte 0xDD
8.514717698000000,USB LS and FS,Byte 0x46
8.514718364000000,USB LS and FS,Byte 0x71
8.514719024000000,USB LS and FS,Byte 0xB6
8.514719688000000,USB LS and FS,Byte 0xA2
8.514720351999999,USB LS and FS,Byte 0x37
8.514721013999999,USB LS and FS,Byte 0x37
8.514721678000001,USB LS and FS,Byte 0x37
8.514722340000001,USB LS and FS,Byte 0x42
8.514723004000000,USB LS and FS,Byte 0x31
8.514723666000000,USB LS and FS,Byte 0x39
8.514724328000000,USB LS and FS,Byte 0x36
8.514724989999999,USB LS and FS,Byte 0x32
8.514725653999999,USB LS and FS,Byte 0x01
8.514726316000001,USB LS and FS,Byte 0x17
8.514726980000001,USB LS and FS,Byte 0x5D
8.514727642000000,USB LS and FS,Byte 0x00
8.514728306000000,USB LS and FS,Byte 0x01
8.514728968000000,USB LS and FS,Byte 0x01
8.514729632000000,USB LS and FS,Byte 0x00
8.514730296000000,USB LS and FS,Byte 0x17
8.514730955999999,USB LS and FS,Byte 0x3E
8.514731619999999,USB LS and FS,Byte 0x07
8.514732282000001,USB LS and FS,Byte 0x64
8.515470457999999,USB LS and FS,byte=0xAA
8.515471126000000,USB LS and FS,byte=0x55
8.515471794000000,USB LS and FS,byte=0x53
8.515472460000000,USB LS and FS,byte=0x35
8.515473126000000,USB LS and FS,byte=0xFF
8.515473876000000,USB LS and FS,byte=0x02
8.515474540000000,USB LS and FS,byte=0x86
8.516373059999999,USB LS and FS,byte=0xAA
8.516373728000000,USB LS and FS,byte=0x55
8.516374396000000,USB LS and FS,byte=0x53
8.516375062000000,USB LS and FS,byte=0x19
8.516375728000000,USB LS and FS,byte=0xFF
8.516376478000000,USB LS and FS,byte=0x02
8.516377146000000,USB LS and FS,byte=0x6A
8.658685772000000,USB LS and FS,Byte 0x3E
8.658686436000000,USB LS and FS,Byte 0x55
8.658687102000000,USB LS and FS,Byte 0xAA
8.658687764000000,USB LS and FS,Byte 0x53
8.658688425999999,USB LS and FS,Byte 0x19
8.658689091999999,USB LS and FS,Byte 0x35
8.658689750000001,USB LS and FS,Byte 0x00
8.658690414000001,USB LS and FS,Byte 0x00
8.658691080000001,USB LS and FS,Byte 0x01
8.658691744000000,USB LS and FS,Byte 0x6A
8.658692406000000,USB LS and FS,Byte 0xDD
8.658693070000000,USB LS and FS,Byte 0x46
8.658693734000000,USB LS and FS,Byte 0x72
8.658694398000000,USB LS and FS,Byte 0x3D
8.658695059999999,USB LS and FS,Byte 0x0E
8.658695723999999,USB LS and FS,Byte 0xA2
8.658696387999999,USB LS and FS,Byte 0x37
8.658697052000001,USB LS and FS,Byte 0x37
8.658697716000001,USB LS and FS,Byte 0x37
8.658698376000000,USB LS and FS,Byte 0x42
8.658699042000000,USB LS and FS,Byte 0x31
8.658699704000000,USB LS and FS,Byte 0x39
8.658700366000000,USB LS and FS,Byte 0x36
8.658701027999999,USB LS and FS,Byte 0x32
8.658701691999999,USB LS and FS,Byte 0x01
8.658702355999999,USB LS and FS,Byte 0x00
8.658703018000001,USB LS and FS,Byte 0x00
8.658703682000001,USB LS and FS,Byte 0x18
8.658704344000000,USB LS and FS,Byte 0x06
8.658705008000000,USB LS and FS,Byte 0x5F
8.658705672000000,USB LS and FS,Byte 0x55
8.658706336000000,USB LS and FS,Byte 0xAA
8.658707000000000,USB LS and FS,Byte 0x53
8.658707664000000,USB LS and FS,Byte 0x1D
8.658708327999999,USB LS and FS,Byte 0x19
8.658708989999999,USB LS and FS,Byte 0x00
8.658709652000001,USB LS and FS,Byte 0x00
8.658710318000001,USB LS and FS,Byte 0x01
8.658710980000000,USB LS and FS,Byte 0x6A
8.658711644000000,USB LS and FS,Byte 0xDD
8.658712306000000,USB LS and FS,Byte 0x46
8.658712970000000,USB LS and FS,Byte 0x72
8.658713632000000,USB LS and FS,Byte 0x40
8.658714295999999,USB LS and FS,Byte 0xA2
8.658714959999999,USB LS and FS,Byte 0x37
8.658715622000001,USB LS and FS,Byte 0x37
8.658716288000001,USB LS and FS,Byte 0x37
8.658716950000001,USB LS and FS,Byte 0x42
8.658717614000000,USB LS and FS,Byte 0x31
8.658718278000000,USB LS and FS,Byte 0x39
8.658718940000000,USB LS and FS,Byte 0x36
8.658719602000000,USB LS and FS,Byte 0x32
8.658720268000000,USB LS and FS,Byte 0x01
8.658720929999999,USB LS and FS,Byte 0x14
8.658721595999999,USB LS and FS,Byte 0x5F
8.658722256000001,USB LS and FS,Byte 0x00
8.658722922000001,USB LS and FS,Byte 0x01
8.658723584000001,USB LS and FS,Byte 0x00
8.658724248000000,USB LS and FS,Byte 0x00
8.658724910000000,USB LS and FS,Byte 0x18
8.658725574000000,USB LS and FS,Byte 0x41
8.658726238000000,USB LS and FS,Byte 0x06
8.658726902000000,USB LS and FS,Byte 0xF1
8.660143824000000,USB LS and FS,byte=0xAA
8.660144490000000,USB LS and FS,byte=0x55
8.660145158000001,USB LS and FS,byte=0x53
8.660145826000001,USB LS and FS,byte=0x35
8.660146492000001,USB LS and FS,byte=0xFF
8.660147240000001,USB LS and FS,byte=0x02
8.660147906000001,USB LS and FS,byte=0x86
8.661034426000001,USB LS and FS,byte=0xAA
8.661035094000001,USB LS and FS,byte=0x55
8.661035761999999,USB LS and FS,byte=0x53
8.661036429999999,USB LS and FS,byte=0x19
8.661037093999999,USB LS and FS,byte=0xFF
8.661037844000001,USB LS and FS,byte=0x02
8.661038511999999,USB LS and FS,byte=0x6A
8.837679120000001,USB LS and FS,Byte 0x3E
8.837679784000001,USB LS and FS,Byte 0x55
8.837680448000000,USB LS and FS,Byte 0xAA
8.837681110000000,USB LS and FS,Byte 0x53
8.837681774000000,USB LS and FS,Byte 0x19
8.837682440000000,USB LS and FS,Byte 0x35
8.837683100000000,USB LS and FS,Byte 0x00
8.837683761999999,USB LS and FS,Byte 0x00
8.837684429999999,USB LS and FS,Byte 0x01
8.837685090000001,USB LS and FS,Byte 0x6A
8.837685754000001,USB LS and FS,Byte 0xDD
8.837686418000001,USB LS and FS,Byte 0x46
8.837687080000000,USB LS and FS,Byte 0x72
8.837687744000000,USB LS and FS,Byte 0xE7
8.837688406000000,USB LS and FS,Byte 0x0E
8.837689070000000,USB LS and FS,Byte 0xA2
8.837689734000000,USB LS and FS,Byte 0x37
8.837690395999999,USB LS and FS,Byte 0x37
8.837691059999999,USB LS and FS,Byte 0x37
8.837691722000001,USB LS and FS,Byte 0x42
8.837692386000001,USB LS and FS,Byte 0x31
8.837693050000000,USB LS and FS,Byte 0x39
8.837693710000000,USB LS and FS,Byte 0x36
8.837694374000000,USB LS and FS,Byte 0x32
8.837695038000000,USB LS and FS,Byte 0x01
8.837695702000000,USB LS and FS,Byte 0x01
8.837696365999999,USB LS and FS,Byte 0x00
8.837697027999999,USB LS and FS,Byte 0x19
8.837697693999999,USB LS and FS,Byte 0x07
8.837698356000001,USB LS and FS,Byte 0x0B
8.837699020000001,USB LS and FS,Byte 0x55
8.837699682000000,USB LS and FS,Byte 0xAA
8.837700346000000,USB LS and FS,Byte 0x53
8.837701010000000,USB LS and FS,Byte 0x1D
8.837701672000000,USB LS and FS,Byte 0x19
8.837702333999999,USB LS and FS,Byte 0x00
8.837702997999999,USB LS and FS,Byte 0x00
8.837703660000001,USB LS and FS,Byte 0x01
8.837704322000000,USB LS and FS,Byte 0x6A
8.837704988000000,USB LS and FS,Byte 0xDD
8.837705650000000,USB LS and FS,Byte 0x46
8.837706314000000,USB LS and FS,Byte 0x72
8.837706976000000,USB LS and FS,Byte 0xEA
8.837707637999999,USB LS and FS,Byte 0xA2
8.837708304000000,USB LS and FS,Byte 0x37
8.837708967999999,USB LS and FS,Byte 0x37
8.837709630000001,USB LS and FS,Byte 0x37
8.837710292000001,USB LS and FS,Byte 0x42
8.837710958000001,USB LS and FS,Byte 0x31
8.837711620000000,USB LS and FS,Byte 0x39
8.837712284000000,USB LS and FS,Byte 0x36
8.837712948000000,USB LS and FS,Byte 0x32
8.837713612000000,USB LS and FS,Byte 0x01
8.837714276000000,USB LS and FS,Byte 0x17
8.837714938000000,USB LS and FS,Byte 0x5D
8.837715599999999,USB LS and FS,Byte 0x00
8.837716265999999,USB LS and FS,Byte 0x01
8.837716929999999,USB LS and FS,Byte 0x01
8.837717592000001,USB LS and FS,Byte 0x00
8.837718258000001,USB LS and FS,Byte 0x19
8.837718918000000,USB LS and FS,Byte 0x40
8.837719584000000,USB LS and FS,Byte 0x07
8.837720246000000,USB LS and FS,Byte 0x9D
8.838981108000000,USB LS and FS,byte=0xAA
8.838981776000001,USB LS and FS,byte=0x55
8.838982444000001,USB LS and FS,byte=0x53
8.838983109999999,USB LS and FS,byte=0x35
8.838983777999999,USB LS and FS,byte=0xFF
8.838984526000001,USB LS and FS,byte=0x02
8.838985192000001,USB LS and FS,byte=0x86
8.839767719999999,USB LS and FS,byte=0xAA
8.839768388000000,USB LS and FS,byte=0x55
8.839769056000000,USB LS and FS,byte=0x53
8.839769722000000,USB LS and FS,byte=0x19
8.839770386000000,USB LS and FS,byte=0xFF
8.839771136000000,USB LS and FS,byte=0x02
8.839771804000000,USB LS and FS,byte=0x6A
8.966674272000001,USB LS and FS,Byte 0x3E
8.966674938000001,USB LS and FS,Byte 0x55
8.966675602000000,USB LS and FS,Byte 0xAA
8.966676264000000,USB LS and FS,Byte 0x53
8.966676926000000,USB LS and FS,Byte 0x19
8.966677594000000,USB LS and FS,Byte 0x35
8.966678251999999,USB LS and FS,Byte 0x00
8.966678915999999,USB LS and FS,Byte 0x00
8.966679581999999,USB LS and FS,Byte 0x01
8.966680244000001,USB LS and FS,Byte 0x6A
8.966680908000001,USB LS and FS,Byte 0xDD
8.966681570000000,USB LS and FS,Byte 0x46
8.966682234000000,USB LS and FS,Byte 0x73
8.966682896000000,USB LS and FS,Byte 0x62
8.966683560000000,USB LS and FS,Byte 0x0E
8.966684224000000,USB LS and FS,Byte 0xA2
8.966684885999999,USB LS and FS,Byte 0x37
8.966685547999999,USB LS and FS,Byte 0x37
8.966686213999999,USB LS and FS,Byte 0x37
8.966686874000001,USB LS and FS,Byte 0x42
8.966687538000000,USB LS and FS,Byte 0x31
8.966688202000000,USB LS and FS,Byte 0x39
8.966688864000000,USB LS and FS,Byte 0x36
8.966689526000000,USB LS and FS,Byte 0x32
8.966690190000000,USB LS and FS,Byte 0x01
8.966690853999999,USB LS and FS,Byte 0x00
8.966691515999999,USB LS and FS,Byte 0x00
8.966692180000001,USB LS and FS,Byte 0x1A
8.966692844000001,USB LS and FS,Byte 0x06
8.966693508000001,USB LS and FS,Byte 0x87
8.966694170000000,USB LS and FS,Byte 0x55
8.966694834000000,USB LS and FS,Byte 0xAA
8.966695496000000,USB LS and FS,Byte 0x53
8.966696160000000,USB LS and FS,Byte 0x1D
8.966696824000000,USB LS and FS,Byte 0x19
8.966697485999999,USB LS and FS,Byte 0x00
8.966698148000001,USB LS and FS,Byte 0x00
8.966698812000001,USB LS and FS,Byte 0x01
8.966699474000000,USB LS and FS,Byte 0x6A
8.966700140000000,USB LS and FS,Byte 0xDD
8.966700802000000,USB LS and FS,Byte 0x46
8.966701466000000,USB LS and FS,Byte 0x73
8.966702128000000,USB LS and FS,Byte 0x65
8.966702792000000,USB LS and FS,Byte 0xA2
8.966703455999999,USB LS and FS,Byte 0x37
8.966704117999999,USB LS and FS,Byte 0x37
8.966704782000001,USB LS and FS,Byte 0x37
8.966705444000000,USB LS and FS,Byte 0x42
8.966706108000000,USB LS and FS,Byte 0x31
8.966706772000000,USB LS and FS,Byte 0x39
8.966707434000000,USB LS and FS,Byte 0x36
8.966708098000000,USB LS and FS,Byte 0x32
8.966708762000000,USB LS and FS,Byte 0x01
8.966709423999999,USB LS and FS,Byte 0x18
8.966710087999999,USB LS and FS,Byte 0x5F
8.966710750000001,USB LS and FS,Byte 0x00
8.966711416000001,USB LS and FS,Byte 0x01
8.966712078000000,USB LS and FS,Byte 0x00
8.966712742000000,USB LS and FS,Byte 0x00
8.966713404000000,USB LS and FS,Byte 0x1A
8.966714066000000,USB LS and FS,Byte 0x40
8.966714732000000,USB LS and FS,Byte 0x07
8.966715394000000,USB LS and FS,Byte 0x1C
8.967778262000000,USB LS and FS,byte=0xAA
8.967778930000000,USB LS and FS,byte=0x55
8.967779598000000,USB LS and FS,byte=0x53
8.967780264000000,USB LS and FS,byte=0x35
8.967780930000000,USB LS and FS,byte=0xFF
8.967781680000000,USB LS and FS,byte=0x02
8.967782344000000,USB LS and FS,byte=0x86
8.968556123999999,USB LS and FS,byte=0xAA
8.968556789999999,USB LS and FS,byte=0x55
8.968557457999999,USB LS and FS,byte=0x53
8.968558126000000,USB LS and FS,byte=0x19
8.968558789999999,USB LS and FS,byte=0xFF
8.968559539999999,USB LS and FS,byte=0x02
8.968560208000000,USB LS and FS,byte=0x6A
9.161666986000000,USB LS and FS,Byte 0x3E
9.161667650000000,USB LS and FS,Byte 0x55
9.161668316000000,USB LS and FS,Byte 0xAA
9.161668976000000,USB LS and FS,Byte 0x53
9.161669642000000,USB LS and FS,Byte 0x19
9.161670308000000,USB LS and FS,Byte 0x35
9.161670967999999,USB LS and FS,Byte 0x00
9.161671630000001,USB LS and FS,Byte 0x00
9.161672296000001,USB LS and FS,Byte 0x01
9.161672958000000,USB LS and FS,Byte 0x6A
9.161673622000000,USB LS and FS,Byte 0xDD
9.161674286000000,USB LS and FS,Byte 0x46
9.161674948000000,USB LS and FS,Byte 0x74
9.161675612000000,USB LS and FS,Byte 0x1C
9.161676276000000,USB LS and FS,Byte 0x0E
9.161676937999999,USB LS and FS,Byte 0xA2
9.161677601999999,USB LS and FS,Byte 0x37
9.161678265999999,USB LS and FS,Byte 0x37
9.161678930000001,USB LS and FS,Byte 0x37
9.161679592000000,USB LS and FS,Byte 0x42
9.161680258000001,USB LS and FS,Byte 0x31
9.161680920000000,USB LS and FS,Byte 0x39
9.161681584000000,USB LS and FS,Byte 0x36
9.161682248000000,USB LS and FS,Byte 0x32
9.161682912000000,USB LS and FS,Byte 0x01
9.161683576000000,USB LS and FS,Byte 0x01
9.161684237999999,USB LS and FS,Byte 0x00
9.161684903999999,USB LS and FS,Byte 0x1B
9.161685565999999,USB LS and FS,Byte 0x06
9.161686230000001,USB LS and FS,Byte 0x44
9.161686894000001,USB LS and FS,Byte 0x55
9.161687556000000,USB LS and FS,Byte 0xAA
9.161688220000000,USB LS and FS,Byte 0x53
9.161688884000000,USB LS and FS,Byte 0x1D
9.161689548000000,USB LS and FS,Byte 0x19
9.161690212000000,USB LS and FS,Byte 0x00
9.161690874000000,USB LS and FS,Byte 0x00
9.161691537999999,USB LS and FS,Byte 0x01
9.161692199999999,USB LS and FS,Byte 0x6A
9.161692865999999,USB LS and FS,Byte 0xDD
9.161693528000001,USB LS and FS,Byte 0x46
9.161694192000001,USB LS and FS,Byte 0x74
9.161694856000000,USB LS and FS,Byte 0x1F
9.161695518000000,USB LS and FS,Byte 0xA2
9.161696182000000,USB LS and FS,Byte 0x37
9.161696846000000,USB LS and FS,Byte 0x37
9.161697510000000,USB LS and FS,Byte 0x37
9.161698174000000,USB LS and FS,Byte 0x42
9.161698838000000,USB LS and FS,Byte 0x31
9.161699501999999,USB LS and FS,Byte 0x39
9.161700165999999,USB LS and FS,Byte 0x36
9.161700829999999,USB LS and FS,Byte 0x32
9.161701494000001,USB LS and FS,Byte 0x01
9.161702156000000,USB LS and FS,Byte 0x14
9.161702820000000,USB LS and FS,Byte 0x5A
9.161703484000000,USB LS and FS,Byte 0x00
9.161704148000000,USB LS and FS,Byte 0x01
9.161704812000000,USB LS and FS,Byte 0x01
9.161705474000000,USB LS and FS,Byte 0x00
9.161706138000000,USB LS and FS,Byte 0x1B
9.161706801999999,USB LS and FS,Byte 0x41
9.161707465999999,USB LS and FS,Byte 0x06
9.161708128000001,USB LS and FS,Byte 0xD1
9.162859065999999,USB LS and FS,byte=0xAA
9.162859731999999,USB LS and FS,byte=0x55
9.162860400000000,USB LS and FS,byte=0x53
9.162861068000000,USB LS and FS,byte=0x35
9.162861734000000,USB LS and FS,byte=0xFF
9.162862484000000,USB LS and FS,byte=0x02
9.162863148000000,USB LS and FS,byte=0x86
9.163697672000000,USB LS and FS,byte=0xAA
9.163698340000000,USB LS and FS,byte=0x55
9.163699008000000,USB LS and FS,byte=0x53
9.163699674000000,USB LS and FS,byte=0x19
9.163700340000000,USB LS and FS,byte=0xFF
9.163701090000000,USB LS and FS,byte=0x02
9.163701758000000,USB LS and FS,byte=0x6A
9.302661790000000,USB LS and FS,Byte 0x3E
9.302662456000000,USB LS and FS,Byte 0x55
9.302663120000000,USB LS and FS,Byte 0xAA
9.302663782000000,USB LS and FS,Byte 0x53
9.302664446000000,USB LS and FS,Byte 0x19
9.302665112000000,USB LS and FS,Byte 0x35
9.302665770000001,USB LS and FS,Byte 0x00
9.302666434000001,USB LS and FS,Byte 0x00
9.302667100000001,USB LS and FS,Byte 0x01
9.302667760000000,USB LS and FS,Byte 0x6A
9.302668424000000,USB LS and FS,Byte 0xDD
9.302669086000000,USB LS and FS,Byte 0x46
9.302669748000000,USB LS and FS,Byte 0x74
9.302670411999999,USB LS and FS,Byte 0xA2
9.302671075999999,USB LS and FS,Byte 0x0E
9.302671738000001,USB LS and FS,Byte 0xA2
9.302672402000001,USB LS and FS,Byte 0x37
9.302673066000001,USB LS and FS,Byte 0x37
9.302673730000000,USB LS and FS,Byte 0x37
9.302674392000000,USB LS and FS,Byte 0x42
9.302675058000000,USB LS and FS,Byte 0x31
9.302675720000000,USB LS and FS,Byte 0x39
9.302676384000000,USB LS and FS,Byte 0x36
9.302677048000000,USB LS and FS,Byte 0x32
9.302677711999999,USB LS and FS,Byte 0x01
9.302678373999999,USB LS and FS,Byte 0x00
9.302679038000001,USB LS and FS,Byte 0x00
9.302679700000001,USB LS and FS,Byte 0x1C
9.302680362000000,USB LS and FS,Byte 0x06
9.302681026000000,USB LS and FS,Byte 0xCA
9.302681692000000,USB LS and FS,Byte 0x55
9.302682352000000,USB LS and FS,Byte 0xAA
9.302683018000000,USB LS and FS,Byte 0x53
9.302683682000000,USB LS and FS,Byte 0x1D
9.302684343999999,USB LS and FS,Byte 0x19
9.302685007999999,USB LS and FS,Byte 0x00
9.302685670000001,USB LS and FS,Byte 0x00
9.302686334000001,USB LS and FS,Byte 0x01
9.302686996000000,USB LS and FS,Byte 0x6A
9.302687660000000,USB LS and FS,Byte 0xDD
9.302688322000000,USB LS and FS,Byte 0x46
9.302688988000000,USB LS and FS,Byte 0x74
9.302689650000000,USB LS and FS,Byte 0xA5
9.302690311999999,USB LS and FS,Byte 0xA2
9.302690977999999,USB LS and FS,Byte 0x37
9.302691640000001,USB LS and FS,Byte 0x37
9.302692304000001,USB LS and FS,Byte 0x37
9.302692968000001,USB LS and FS,Byte 0x42
9.302693630000000,USB LS and FS,Byte 0x31
9.302694294000000,USB LS and FS,Byte 0x39
9.302694956000000,USB LS and FS,Byte 0x36
9.302695620000000,USB LS and FS,Byte 0x32
9.302696284000000,USB LS and FS,Byte 0x01
9.302696950000000,USB LS and FS,Byte 0x17
9.302697611999999,USB LS and FS,Byte 0x5D
9.302698274000001,USB LS and FS,Byte 0x00
9.302698940000001,USB LS and FS,Byte 0x01
9.302699602000001,USB LS and FS,Byte 0x00
9.302700266000000,USB LS and FS,Byte 0x00
9.302700928000000,USB LS and FS,Byte 0x1C
9.302701592000000,USB LS and FS,Byte 0x3E
9.302702256000000,USB LS and FS,Byte 0x07
9.302702918000000,USB LS and FS,Byte 0x5A
9.303374140000001,USB LS and FS,byte=0xAA
9.303374807999999,USB LS and FS,byte=0x55
9.303375473999999,USB LS and FS,byte=0x53
9.303376141999999,USB LS and FS,byte=0x35
9.303376807999999,USB LS and FS,byte=0xFF
9.303377557999999,USB LS and FS,byte=0x02
9.303378221999999,USB LS and FS,byte=0x86
9.304317572000000,USB LS and FS,byte=0xAA
9.304318240000001,USB LS and FS,byte=0x55
9.304318908000001,USB LS and FS,byte=0x53
9.304319575999999,USB LS and FS,byte=0x19
9.304320239999999,USB LS and FS,byte=0xFF
9.304320990000001,USB LS and FS,byte=0x02
9.304321657999999,USB LS and FS,byte=0x6A
